family,name,rows,cols,playable,sat_vars,sat_clauses,sat_encode_ms,sat_solve_ms,sat_result,ip_vars,ip_conss,ip_nonzeros,ip_build_ms,ip_solve_ms,ip_result,agree,ip_valid
hf,hf_1,12,12,80,864,8160,5.26,4.04,SAT,400,2178,6912,25.52,7.06,SAT,1,True
hf,hf_2,12,12,87,864,8136,5.42,4.04,SAT,435,2491,8344,29.04,18.48,SAT,1,True
hf,hf_3,12,12,84,864,8141,4.90,3.97,SAT,420,2366,7725,26.98,7.65,SAT,1,True
hf,hf_4,12,12,84,864,8175,4.88,4.00,SAT,420,2388,8040,28.02,7.91,SAT,1,True
hf,hf_5,12,12,94,864,8104,4.81,3.97,SAT,470,2792,9782,33.60,8.50,SAT,1,True
hf,hf_6,12,12,84,864,8110,4.87,3.89,SAT,420,2260,6906,26.92,9.12,SAT,1,True
hf,hf_7,12,12,88,864,8106,4.90,3.95,SAT,440,2481,8266,29.00,8.14,SAT,1,True
hf,hf_8,12,12,94,864,8121,5.12,4.41,SAT,470,2786,9778,35.45,52.28,SAT,1,True
hf,hf_9,12,12,84,864,8133,4.87,4.00,SAT,420,2349,7696,27.20,8.37,SAT,1,True
hf,hf_10,12,12,84,864,8155,4.97,4.10,SAT,420,2368,7710,29.02,8.11,SAT,1,True
hf,hf_11,12,12,84,864,8151,4.94,4.15,SAT,420,2364,7770,28.34,9.99,SAT,1,True
hf,hf_12,12,12,86,864,8139,5.07,4.18,SAT,430,2477,8352,28.74,11.48,SAT,1,True
hf,hf_13,12,12,86,864,8143,5.14,4.15,SAT,430,2465,8274,29.04,8.54,SAT,1,True
hf,hf_14,12,12,85,864,8156,5.07,4.22,SAT,425,2385,7873,27.58,10.75,SAT,1,True
hf,hf_15,12,12,84,864,8144,4.91,3.88,SAT,420,2383,7840,27.90,8.22,SAT,1,True
hf,hf_16,12,12,86,864,8175,4.97,3.98,SAT,430,2439,8083,27.82,8.01,SAT,1,True
hf,hf_17,12,12,86,864,8158,5.39,4.06,SAT,430,2467,8241,28.68,8.62,SAT,1,True
hf,hf_18,12,12,85,864,8120,4.86,4.22,SAT,425,2393,7771,27.60,7.57,SAT,1,True
hf,hf_19,12,12,87,864,8145,4.92,3.98,SAT,435,2522,8491,28.71,8.48,SAT,1,True
hf,hf_20,12,12,87,864,8144,5.13,4.18,SAT,435,2512,8467,29.33,12.76,SAT,1,True
hf,hf_21,12,12,88,864,8139,5.01,4.06,SAT,440,2512,8431,29.61,33.37,SAT,1,True
hf,hf_22,12,12,86,864,8155,4.97,4.06,SAT,430,2448,8129,28.57,11.58,SAT,1,True
hf,hf_23,12,12,86,864,8155,5.07,3.99,SAT,430,2461,8236,28.29,8.25,SAT,1,True
hf,hf_24,12,12,89,864,8127,5.10,3.97,SAT,445,2588,8786,30.10,8.03,SAT,1,True
hf,hf_25,12,12,84,864,8140,5.04,4.14,SAT,420,2366,7726,27.65,16.23,SAT,1,True
hf,hf_26,15,19,199,1710,16510,10.82,8.87,SAT,995,6980,27687,84.90,104.81,SAT,1,True
hf,hf_27,12,12,88,864,8155,5.26,4.10,SAT,440,2583,8892,30.44,8.87,SAT,1,True
hf,hf_28,15,20,212,1800,17408,11.03,9.18,SAT,1060,7555,30333,97.31,185.20,SAT,1,True
hf,hf_29,15,20,212,1800,17408,11.20,9.45,SAT,1060,7555,30333,94.83,193.84,SAT,1,True
hf,hf_30,12,12,83,864,8146,5.24,4.24,SAT,415,2361,7812,27.81,8.07,SAT,1,True
hf,hf_31,12,12,83,864,8155,5.20,3.97,SAT,415,2315,7480,27.14,7.33,SAT,1,True
hf,hf_32,12,12,82,864,8178,5.63,4.12,SAT,410,2307,7505,26.40,7.87,SAT,1,True
hf,hf_33,12,12,85,864,8160,5.06,4.05,SAT,425,2428,8105,32.68,8.48,SAT,1,True
hf,hf_34,12,12,88,864,8134,5.20,4.18,SAT,440,2512,8365,30.97,8.84,SAT,1,True
hf,hf_35,12,12,86,864,8153,5.30,4.16,SAT,430,2448,8225,30.22,9.01,SAT,1,True
hf,hf_36,12,12,83,864,8146,5.36,4.23,SAT,415,2320,7529,27.73,7.94,SAT,1,True
hf,hf_37,12,12,86,864,8144,5.22,4.19,SAT,430,2499,8417,28.93,8.18,SAT,1,True
hf,hf_38,8,8,32,384,3468,2.15,2.00,SAT,160,742,2160,8.37,2.58,SAT,1,True
hf,hf_39,12,12,83,864,8158,5.03,4.11,SAT,415,2338,7645,27.27,7.07,SAT,1,True
hf,hf_40,12,12,86,864,8157,5.40,4.34,SAT,430,2438,8038,28.05,31.84,SAT,1,True
hf,hf_41,12,12,85,864,8167,5.12,4.11,SAT,425,2427,8063,28.46,9.30,SAT,1,True
hf,hf_42,12,12,86,864,8155,5.11,3.97,SAT,430,2454,8208,29.88,11.78,SAT,1,True
hf,hf_43,12,12,87,864,8141,5.17,4.14,SAT,435,2477,8187,28.83,8.77,SAT,1,True
hf,hf_44,12,12,87,864,8132,4.97,4.07,SAT,435,2514,8478,29.67,8.87,SAT,1,True
hf,hf_45,12,12,88,864,8130,5.19,4.12,SAT,440,2525,8535,29.60,8.29,SAT,1,True
hf,hf_46,12,12,84,864,8168,6.68,4.31,SAT,420,2388,7865,28.15,16.38,SAT,1,True
hf,hf_47,12,12,85,864,8157,5.09,4.16,SAT,425,2415,7981,28.58,7.41,SAT,1,True
hf,hf_48,15,22,230,1980,19207,12.33,9.36,SAT,1150,8211,33026,99.52,93.48,SAT,1,True
hf,hf_49,16,21,233,2016,19555,13.37,10.43,SAT,1165,8455,34734,107.95,101.69,SAT,1,True
hf,hf_50,12,12,86,864,8152,5.37,4.30,SAT,430,2468,8283,29.54,8.94,SAT,1,True
hf,hf_51,12,12,86,864,8132,5.36,4.15,SAT,430,2471,8278,29.18,9.59,SAT,1,True
hf,hf_52,16,21,239,2016,19569,13.12,11.00,SAT,1195,8779,36410,109.00,243.30,SAT,1,True
hf,hf_53,16,21,240,2016,19535,13.64,10.37,SAT,1200,8781,36322,115.74,104.75,SAT,1,True
hf,hf_54,12,12,89,864,8149,5.46,4.54,SAT,445,2587,8870,30.30,8.77,SAT,1,True
hf,hf_55,17,20,244,2040,19808,12.48,10.32,SAT,1220,9050,37869,113.70,98.41,SAT,1,True
hf,hf_56,12,12,88,864,8143,5.17,4.32,SAT,440,2543,8604,31.77,8.95,SAT,1,True
hf,hf_57,16,21,238,2016,19528,11.84,10.34,SAT,1190,8700,35858,107.46,69.01,SAT,1,True
hf,hf_58,12,12,88,864,8155,5.19,4.15,SAT,440,2562,8701,29.77,8.10,SAT,1,True
hf,hf_59,16,21,238,2016,19528,13.10,9.40,SAT,1190,8700,35858,104.36,68.75,SAT,1,True
hf,hf_60,14,20,194,1680,16196,10.92,8.42,SAT,970,6653,25758,81.08,171.40,SAT,1,True
hf,hf_61,12,12,88,864,8138,5.31,4.35,SAT,440,2550,8649,30.06,8.89,SAT,1,True
hf,hf_62,16,24,277,2304,22417,15.65,11.44,SAT,1385,10467,44330,129.85,123.51,SAT,1,True
hf,hf_63,12,12,88,864,8133,5.12,4.07,SAT,440,2561,8703,29.83,8.64,SAT,1,True
hf,hf_64,12,12,86,864,8140,5.32,4.09,SAT,430,2480,8368,29.26,40.30,SAT,1,True
hf,hf_65,12,12,88,864,8137,5.02,4.12,SAT,440,2546,8585,29.74,10.36,SAT,1,True
hf,hf_66,12,12,87,864,8142,5.45,4.16,SAT,435,2487,8293,29.17,12.90,SAT,1,True
hf,hf_67,12,12,88,864,8135,5.81,4.33,SAT,440,2563,8763,30.32,8.87,SAT,1,True
hf,hf_68,12,12,87,864,8158,5.04,3.99,SAT,435,2502,8357,27.89,25.45,SAT,1,True
hf,hf_69,12,12,84,864,8156,5.41,4.11,SAT,420,2393,7926,28.23,8.38,SAT,1,True
hf,hf_70,12,12,84,864,8163,5.07,4.14,SAT,420,2411,8036,29.08,8.03,SAT,1,True
hf,hf_71,12,12,88,864,8156,5.10,4.07,SAT,440,2550,8629,30.04,8.73,SAT,1,True
hf,hf_72,12,12,91,864,8147,5.32,4.22,SAT,455,2658,9119,30.78,33.54,SAT,1,True
hf,hf_73,12,12,91,864,8146,5.25,4.07,SAT,455,2654,9065,31.07,12.47,SAT,1,True
hf,hf_74,12,12,87,864,8154,5.22,4.08,SAT,435,2493,8346,29.02,8.30,SAT,1,True
hf,hf_75,11,11,68,726,6803,4.29,3.43,SAT,340,1845,5936,21.85,27.59,SAT,1,True
hf,hf_76,12,12,86,864,8146,5.11,4.29,SAT,430,2453,8112,28.84,13.54,SAT,1,True
hf,hf_77,13,13,108,1014,9611,6.03,5.18,SAT,540,3177,10904,37.44,58.97,SAT,1,True
hf,hf_78,12,12,86,864,8143,5.14,3.99,SAT,430,2445,8107,29.03,7.35,SAT,1,True
hf,hf_79,12,12,89,864,8153,5.19,4.10,SAT,445,2591,8798,30.17,11.11,SAT,1,True
hf,hf_80,12,12,86,864,8147,5.29,4.14,SAT,430,2423,7906,28.10,17.71,SAT,1,True
hf,hf_81,12,12,87,864,8147,5.43,3.99,SAT,435,2476,8198,29.03,8.63,SAT,1,True
hf,hf_82,12,12,88,864,8148,5.07,4.09,SAT,440,2525,8485,29.55,8.44,SAT,1,True
hf,hf_83,12,12,88,864,8139,5.23,4.14,SAT,440,2545,8664,29.79,7.74,SAT,1,True
hf,hf_84,12,12,88,864,8149,5.10,3.91,SAT,440,2506,8286,29.16,10.09,SAT,1,True
hf,hf_85,12,12,85,864,8161,5.22,4.09,SAT,425,2418,8034,28.65,9.26,SAT,1,True
hf,hf_86,12,12,87,864,8160,5.21,4.13,SAT,435,2494,8366,30.00,17.49,SAT,1,True
hf,hf_87,12,12,83,864,8176,5.28,4.25,SAT,415,2342,7700,30.58,8.95,SAT,1,True
hf,hf_88,12,12,88,864,8151,5.57,4.28,SAT,440,2572,8823,31.47,14.79,SAT,1,True
hf,hf_89,12,12,87,864,8131,5.15,4.00,SAT,435,2488,8375,28.94,7.89,SAT,1,True
hf,hf_90,12,12,88,864,8138,5.12,4.28,SAT,440,2550,8603,30.15,9.41,SAT,1,True
hf,hf_91,12,12,89,864,8148,5.60,4.34,SAT,445,2609,8934,30.47,8.62,SAT,1,True
hf,hf_92,12,12,88,864,8133,5.65,4.02,SAT,440,2528,8515,31.08,8.73,SAT,1,True
hf,hf_93,12,12,88,864,8144,5.19,4.09,SAT,440,2513,8330,28.45,31.26,SAT,1,True
hf,hf_94,12,12,87,864,8152,5.14,3.96,SAT,435,2515,8501,29.75,8.50,SAT,1,True
hf,hf_95,12,12,85,864,8175,5.16,4.04,SAT,425,2442,8215,29.41,8.42,SAT,1,True
hf,hf_96,12,12,90,864,8125,5.35,4.12,SAT,450,2641,9120,30.77,21.16,SAT,1,True
hf,hf_97,12,12,87,864,8154,5.52,4.03,SAT,435,2501,8385,28.83,8.29,SAT,1,True
hf,hf_98,12,12,89,864,8141,5.06,4.11,SAT,445,2601,8865,31.52,12.23,SAT,1,True
hf,hf_99,12,12,87,864,8152,5.11,4.03,SAT,435,2501,8395,29.06,8.65,SAT,1,True
hf,hf_100,12,12,86,864,8166,5.35,4.06,SAT,430,2463,8219,29.22,8.79,SAT,1,True
hf,hf_101,12,12,88,864,8148,5.30,4.11,SAT,440,2527,8468,29.64,33.70,SAT,1,True
hf,hf_102,12,12,85,864,8154,5.11,4.11,SAT,425,2425,8020,28.32,8.59,SAT,1,True
hf,hf_103,12,12,85,864,8144,5.28,4.11,SAT,425,2428,8019,28.59,8.04,SAT,1,True
hf,hf_104,18,26,350,2808,27402,18.47,13.74,SAT,1750,14034,63344,187.81,455.08,SAT,1,True
hf,hf_105,12,12,85,864,8141,5.50,4.27,SAT,425,2421,8094,29.60,9.60,SAT,1,True
hf,hf_106,17,24,298,2448,23839,15.76,13.23,SAT,1490,11493,49917,146.36,223.39,SAT,1,True
hf,hf_107,11,11,70,726,6780,4.37,3.65,SAT,350,1970,6534,23.92,15.64,SAT,1,True
hf,hf_108,12,12,88,864,8139,5.49,4.68,SAT,440,2536,8616,30.73,33.35,SAT,1,True
hf,hf_109,12,12,93,864,8124,5.35,4.20,SAT,465,2733,9471,32.77,51.76,SAT,1,True
hf,hf_110,18,26,353,2808,27439,19.09,15.37,SAT,1765,14361,65955,190.99,414.30,SAT,1,True
hf,hf_111,12,20,164,1440,13801,9.14,7.22,SAT,820,5295,19398,63.40,136.37,SAT,1,True
hf,hf_112,12,12,88,864,8143,5.26,4.23,SAT,440,2575,8900,31.31,8.11,SAT,1,True
hf,hf_113,19,26,369,2964,29017,20.74,15.42,SAT,1845,15306,71858,209.13,211.37,SAT,1,True
hf,hf_114,18,25,331,2700,26350,18.83,14.42,SAT,1655,13042,58107,179.20,178.71,SAT,1,True
hf,hf_115,12,12,82,864,8117,5.47,4.28,SAT,410,2215,6920,26.16,15.16,SAT,1,True
hf,hf_116,12,12,89,864,8144,5.20,4.12,SAT,445,2618,9043,31.12,20.88,SAT,1,True
hf,hf_117,12,12,90,864,8137,5.15,4.07,SAT,450,2637,9054,30.61,12.95,SAT,1,True
hf,hf_118,12,12,92,864,8137,5.00,4.73,SAT,460,2726,9502,31.35,17.34,SAT,1,True
hf,hf_119,12,12,85,864,8171,5.35,4.16,SAT,425,2436,8163,28.22,9.26,SAT,1,True
hf,hf_120,19,27,383,3078,30174,23.09,15.32,SAT,1915,15924,74961,204.84,646.87,SAT,1,True
hf,hf_121,20,28,420,3360,32962,23.61,18.39,SAT,2100,17967,87188,246.02,169.06,SAT,1,True
hf,hf_122,19,26,362,2964,29022,19.02,15.72,SAT,1810,14635,66962,198.25,177.14,SAT,1,True
hf,hf_123,12,12,94,864,8118,5.18,4.20,SAT,470,2790,9772,33.79,66.46,SAT,1,True
hf,hf_124,19,26,362,2964,29022,19.11,15.20,SAT,1810,14635,66962,195.88,177.96,SAT,1,True
hf,hf_125,12,12,88,864,8171,5.67,4.34,SAT,440,2594,8853,31.45,13.47,SAT,1,True
hf,hf_126,12,12,88,864,8143,5.10,4.08,SAT,440,2566,8742,30.07,7.99,SAT,1,True
hf,hf_127,12,12,93,864,8122,4.95,4.13,SAT,465,2755,9600,32.78,56.74,SAT,1,True
hf,hf_128,8,8,32,384,3462,2.15,1.87,SAT,160,771,2358,9.09,2.75,SAT,1,True
hf,hf_129,10,10,56,600,5578,3.54,2.81,SAT,280,1468,4732,17.78,4.60,SAT,1,True
hf,hf_130,12,12,88,864,8142,5.39,4.09,SAT,440,2420,7700,28.11,16.12,SAT,1,True
hf,hf_131,9,9,41,486,4450,2.81,2.32,SAT,205,1014,3033,12.16,6.12,SAT,1,True
hf,hf_132,12,12,85,864,8158,5.33,4.01,SAT,425,2390,7889,28.61,7.74,SAT,1,True
hf,hf_133,9,9,42,486,4455,2.86,2.34,SAT,210,1025,3034,11.86,3.82,SAT,1,True
hf,hf_134,12,12,84,864,8166,5.64,3.99,SAT,420,2400,7975,27.98,10.58,SAT,1,True
hf,hf_135,19,19,245,2166,21082,13.36,10.66,SAT,1225,8995,38153,111.19,33.38,SAT,1,True
hf,hf_136,12,20,162,1440,13807,9.34,7.59,SAT,810,5202,18920,63.42,26.33,SAT,1,True
hf,hf_137,11,11,68,726,6802,4.35,3.46,SAT,340,1842,5820,21.33,6.41,SAT,1,True
hf,hf_138,12,12,81,864,8080,5.18,3.99,SAT,405,2173,6668,25.40,8.19,SAT,1,True
hf,hf_139,12,12,90,864,8117,5.06,3.99,SAT,450,2586,8658,30.71,14.01,SAT,1,True
hf,hf_140,12,12,90,864,8160,5.46,4.61,SAT,450,2616,8898,31.85,34.64,SAT,1,True
hf,hf_141,12,12,89,864,8168,5.25,4.10,SAT,445,2548,8503,30.84,10.54,SAT,1,True
hf,hf_142,11,11,70,726,6808,4.37,3.59,SAT,350,1961,6452,23.46,6.43,SAT,1,True
hf,hf_143,12,12,86,864,8165,5.59,4.85,SAT,430,2506,8426,30.79,27.60,SAT,1,True
hf,hf_144,12,12,82,864,8166,5.49,4.55,SAT,410,2347,7878,29.35,11.07,SAT,1,True
hf,hf_145,12,12,84,864,8163,5.56,4.42,SAT,420,2419,8156,30.21,8.44,SAT,1,True
hf,hf_146,9,9,41,486,4474,3.15,2.73,SAT,205,969,2738,11.47,2.96,SAT,1,True
hf,hf_147,12,12,90,864,8146,5.78,4.59,SAT,450,2610,8992,33.08,44.22,SAT,1,True
hf,hf_148,12,12,92,864,8129,5.24,4.35,SAT,460,2732,9554,32.56,64.36,SAT,1,True
hf,hf_149,9,9,44,486,4444,2.80,2.35,SAT,220,1109,3464,12.54,3.73,SAT,1,True
hf,hf_150,12,12,90,864,8155,5.62,4.00,SAT,450,2568,8578,32.09,35.47,SAT,1,True
hf,hf_151,12,12,89,864,8126,5.18,4.11,SAT,445,2608,8919,31.17,8.25,SAT,1,True
hf,hf_152,10,10,56,600,5577,3.58,3.15,SAT,280,1518,4959,17.60,5.37,SAT,1,True
hf,hf_153,19,19,272,2166,20978,14.16,10.66,SAT,1360,10689,47828,137.96,47.43,SAT,1,True
hf,hf_154,8,8,28,384,3451,2.39,2.12,SAT,140,622,1661,7.08,3.30,SAT,1,True
hf,hf_155,16,22,251,2112,20500,14.57,11.06,SAT,1255,9204,38119,120.95,129.71,SAT,1,True
hf,hf_156,10,10,57,600,5557,3.70,3.17,SAT,285,1465,4593,17.51,5.00,SAT,1,True
hf,hf_157,10,10,54,600,5584,3.61,2.88,SAT,270,1416,4418,16.48,4.30,SAT,1,True
hf,hf_158,12,12,86,864,8161,5.23,4.20,SAT,430,2459,8208,29.33,23.90,SAT,1,True
hf,hf_159,12,12,93,864,8132,5.17,4.24,SAT,465,2796,9863,34.39,9.42,SAT,1,True
hf,hf_160,12,12,84,864,8161,5.64,4.18,SAT,420,2415,8220,27.77,13.15,SAT,1,True
hf,hf_161,12,12,82,864,8159,5.48,4.01,SAT,410,2333,7804,34.51,9.86,SAT,1,True
hf,hf_162,16,26,290,2496,24395,20.51,14.59,SAT,1450,10842,45692,167.74,145.37,SAT,1,True
hf,hf_163,12,12,90,864,8155,5.18,4.19,SAT,450,2536,8344,29.91,42.09,SAT,1,True
hf,hf_164,17,14,164,1428,13693,8.42,7.35,SAT,820,5509,21114,67.72,208.32,SAT,1,True
hf,hf_165,12,12,87,864,8133,5.19,4.37,SAT,435,2596,9103,31.31,8.68,SAT,1,True
hf,hf_166,12,12,90,864,8145,5.38,4.11,SAT,450,2642,9056,34.02,18.10,SAT,1,True
hf,hf_167,12,12,86,864,8146,5.06,4.00,SAT,430,2496,8392,29.41,16.63,SAT,1,True
hf,hf_168,12,12,86,864,8150,5.15,4.11,SAT,430,2482,8304,29.24,8.14,SAT,1,True
hf,hf_169,12,12,85,864,8151,5.89,4.28,SAT,425,2453,8259,32.05,12.10,SAT,1,True
hf,hf_170,12,12,90,864,8140,5.26,4.26,SAT,450,2636,9048,31.23,47.37,SAT,1,True
hf,hf_171,12,12,90,864,8155,5.62,4.63,SAT,450,2574,8622,30.33,44.29,SAT,1,True
hf,hf_172,12,20,156,1440,13824,8.71,7.35,SAT,780,4842,17198,60.88,18.35,SAT,1,True
hf,hf_173,12,12,84,864,8156,5.57,4.57,SAT,420,2363,7896,28.78,7.91,SAT,1,True
hf,hf_174,12,12,91,864,8139,5.59,4.52,SAT,455,2617,8828,31.81,44.28,SAT,1,True
hf,hf_175,14,13,120,1092,10398,6.85,5.70,SAT,600,3712,13210,45.13,85.82,SAT,1,True
hf,hf_176,12,12,90,864,8132,6.11,4.79,SAT,450,2638,9044,34.58,10.68,SAT,1,True
hf,hf_177,12,12,82,864,8152,5.75,4.70,SAT,410,2330,7772,29.48,7.98,SAT,1,True
hf,hf_178,12,12,91,864,8138,5.91,4.22,SAT,455,2648,9043,33.25,9.49,SAT,1,True
hf,hf_179,8,8,30,384,3468,2.33,2.13,SAT,150,692,1986,7.95,2.52,SAT,1,True
hf,hf_180,18,23,309,2484,24190,18.05,13.42,SAT,1545,12188,54409,165.31,150.95,SAT,1,True
hf,hf_181,12,12,85,864,8154,5.44,4.31,SAT,425,2425,8029,29.18,32.63,SAT,1,True
hf,hf_182,12,12,94,864,8108,5.31,4.62,SAT,470,2770,9626,33.96,34.38,SAT,1,True
hf,hf_183,12,12,90,864,8124,5.55,4.67,SAT,450,2596,8778,31.40,45.06,SAT,1,True
hf,hf_184,13,13,106,1014,9648,6.43,4.91,SAT,530,3223,11389,37.51,10.56,SAT,1,True
hf,hf_185,12,12,90,864,8147,6.11,4.34,SAT,450,2625,8972,30.99,27.89,SAT,1,True
hf,hf_186,12,12,82,864,8162,5.42,4.16,SAT,410,2335,7671,28.81,8.69,SAT,1,True
hf,hf_187,14,13,113,1092,10380,6.67,5.50,SAT,565,3280,11155,39.34,58.85,SAT,1,True
hf,hf_188,12,20,161,1440,13829,9.03,7.08,SAT,805,5126,18449,61.23,19.12,SAT,1,True
hf,hf_189,12,12,89,864,8152,5.35,4.75,SAT,445,2609,8908,35.89,11.24,SAT,1,True
hf,hf_190,12,12,88,864,8162,5.81,5.01,SAT,440,2502,8362,32.27,12.75,SAT,1,True
hf,hf_191,12,12,82,864,8176,5.59,4.17,SAT,410,2291,7548,27.04,7.79,SAT,1,True
hf,hf_192,12,12,88,864,8134,5.28,4.20,SAT,440,2556,8602,31.38,24.77,SAT,1,True
hf,hf_193,12,12,86,864,8151,5.12,4.53,SAT,430,2464,8214,30.86,10.30,SAT,1,True
hf,hf_194,12,12,86,864,8136,5.39,4.21,SAT,430,2487,8579,30.78,8.13,SAT,1,True
hf,hf_195,12,12,88,864,8123,5.09,4.12,SAT,440,2550,8610,31.24,14.54,SAT,1,True
hf,hf_196,12,20,162,1440,13788,8.54,7.54,SAT,810,5182,18761,71.19,43.48,SAT,1,True
hf,hf_197,8,8,31,384,3461,2.32,2.04,SAT,155,730,2189,8.77,2.62,SAT,1,True
hf,hf_198,11,11,73,726,6780,4.64,3.84,SAT,365,1985,6409,24.09,28.31,SAT,1,True
hf,hf_199,12,12,88,864,8133,5.37,4.70,SAT,440,2514,8338,31.41,12.07,SAT,1,True
hf,hf_200,12,12,92,864,8132,5.70,4.51,SAT,460,2679,9202,34.06,46.01,SAT,1,True
hf,hf_201,9,9,43,486,4463,3.13,2.44,SAT,215,1069,3257,12.85,5.65,SAT,1,True
hf,hf_202,12,12,92,864,8137,5.50,4.46,SAT,460,2704,9368,36.18,59.02,SAT,1,True
hf,hf_203,12,12,87,864,8184,5.92,4.77,SAT,435,2494,8347,45.07,9.35,SAT,1,True
hf,hf_204,12,12,84,864,8147,5.38,4.30,SAT,420,2361,7685,28.08,9.62,SAT,1,True
hf,hf_205,14,14,131,1176,11210,7.41,6.71,SAT,655,4170,15265,53.23,17.89,SAT,1,True
hf,hf_206,12,12,7,864,8080,5.46,3.83,SAT,35,133,327,2.24,0.95,SAT,1,True
hf,hf_207,12,12,56,864,8102,5.24,4.20,SAT,280,1198,2955,14.58,3.09,SAT,1,True
hf,hf_208,12,12,56,864,8152,5.18,3.88,SAT,280,1276,3403,15.33,3.21,SAT,1,True
hf,hf_209,12,12,68,864,8188,5.42,4.01,SAT,340,1761,5303,32.11,8.71,SAT,1,True
hf,hf_210,12,12,60,864,8112,5.57,4.23,SAT,300,1452,4333,18.23,4.64,SAT,1,True
hf,hf_211,12,12,85,864,8122,5.68,5.33,SAT,425,2452,8329,31.09,10.67,SAT,1,True
hf,hf_212,12,12,83,864,8096,5.37,4.25,SAT,415,2439,8632,30.41,9.84,SAT,1,True
hf,hf_213,12,12,73,864,8148,5.19,4.09,SAT,365,2016,6625,23.85,33.97,SAT,1,True
hf,hf_214,12,12,82,864,8153,5.29,4.50,SAT,410,2387,8002,29.00,7.27,SAT,1,True
hf,hf_215,12,12,76,864,8142,5.39,4.21,SAT,380,2045,6436,24.07,20.23,SAT,1,True
hf,hf_216,12,12,80,864,8080,5.07,3.97,SAT,400,2162,6645,25.47,6.61,SAT,1,True
hf,hf_217,12,12,80,864,8136,5.09,4.10,SAT,400,2236,7392,26.23,14.22,SAT,1,True
hf,hf_218,12,12,78,864,8156,5.27,4.27,SAT,390,2136,6832,25.18,8.73,SAT,1,True
hf,hf_219,12,12,74,864,8157,5.28,3.91,SAT,370,1943,5909,22.21,6.03,SAT,1,True
hf,hf_220,12,12,80,864,8145,5.58,4.17,SAT,400,2158,6852,25.52,20.19,SAT,1,True
hf,hf_221,12,12,81,864,8163,5.66,4.12,SAT,405,2331,7778,29.08,7.19,SAT,1,True
hf,hf_222,12,12,84,864,8143,5.62,4.47,SAT,420,2447,8309,30.48,51.93,SAT,1,True
hf,hf_223,12,12,88,864,8131,5.29,4.27,SAT,440,2513,8357,29.17,31.41,SAT,1,True
hf,hf_224,12,12,79,864,8151,5.45,3.88,SAT,395,2205,7215,25.59,6.20,SAT,1,True
hf,hf_225,12,12,83,864,8173,5.59,3.93,SAT,415,2318,7408,26.46,6.46,SAT,1,True
hf,hf_226,12,12,87,864,8145,5.11,3.93,SAT,435,2526,8527,29.59,7.71,SAT,1,True
hf,hf_227,12,12,80,864,8143,5.19,4.50,SAT,400,2300,7516,27.61,6.67,SAT,1,True
hf,hf_228,12,12,80,864,8143,5.21,3.92,SAT,400,2300,7516,27.20,6.50,SAT,1,True
hf,hf_229,12,12,84,864,8106,5.65,4.23,SAT,420,2372,7890,28.17,10.94,SAT,1,True
hf,hf_230,12,12,80,864,8137,5.21,4.26,SAT,400,2175,6920,24.93,7.46,SAT,1,True
hf,hf_231,12,12,74,864,8157,5.20,4.15,SAT,370,2003,6296,23.76,6.57,SAT,1,True
hf,hf_232,12,12,65,864,8120,5.24,3.89,SAT,325,1632,4931,18.94,5.14,SAT,1,True
hf,hf_233,12,12,80,864,8138,5.48,4.29,SAT,400,2205,7140,27.31,8.39,SAT,1,True
hf,hf_234,12,12,83,864,8145,5.13,4.34,SAT,415,2356,7881,27.21,43.55,SAT,1,True
hf,hf_235,12,12,80,864,8153,5.29,4.18,SAT,400,2226,7204,25.48,33.48,SAT,1,True
hf,hf_236,12,12,82,864,8153,5.00,4.54,SAT,410,2327,7649,27.95,6.89,SAT,1,True
hf,hf_237,12,12,68,864,8136,5.23,4.08,SAT,340,1730,5116,20.49,5.30,SAT,1,True
hf,hf_238,12,12,84,864,8133,5.78,4.37,SAT,420,2452,8252,29.94,16.12,SAT,1,True
hf,hf_239,12,12,85,864,8136,5.33,4.34,SAT,425,2473,8394,30.58,7.77,SAT,1,True
hf,hf_240,12,12,85,864,8170,5.23,4.12,SAT,425,2457,8403,30.27,27.91,SAT,1,True
hf,hf_241,12,12,87,864,8152,5.27,4.19,SAT,435,2611,9183,31.37,8.74,SAT,1,True
hf,hf_242,12,12,85,864,8137,5.23,4.44,SAT,425,2461,8351,29.97,10.39,SAT,1,True
hf,hf_243,12,12,82,864,8156,6.01,4.22,SAT,410,2264,7346,28.72,7.05,SAT,1,True
hf,hf_244,12,12,82,864,8159,5.27,4.16,SAT,410,2349,7882,27.76,7.17,SAT,1,True
hf,hf_245,12,12,80,864,8171,5.22,4.11,SAT,400,2192,6930,25.53,7.30,SAT,1,True
hf,hf_246,12,12,84,864,8113,5.00,4.03,SAT,420,2449,8236,28.37,33.70,SAT,1,True
hf,hf_247,12,12,89,864,8129,5.44,3.97,SAT,445,2562,8582,30.58,9.21,SAT,1,True
hf,hf_248,12,12,84,864,8132,5.50,4.33,SAT,420,2451,8252,30.23,30.89,SAT,1,True
hf,hf_249,12,12,76,864,8132,5.32,4.10,SAT,380,2115,6854,24.65,13.16,SAT,1,True
hf,hf_250,12,12,85,864,8158,5.35,4.38,SAT,425,2450,8276,30.38,8.31,SAT,1,True
hf,hf_251,12,12,84,864,8161,5.32,4.22,SAT,420,2385,7921,28.67,8.47,SAT,1,True
hf,hf_252,12,12,85,864,8137,5.27,4.09,SAT,425,2412,8028,29.09,8.01,SAT,1,True
hf,hf_253,12,12,84,864,8150,5.23,4.17,SAT,420,2396,7952,28.43,9.06,SAT,1,True
hf,hf_254,12,12,84,864,8136,5.34,4.29,SAT,420,2452,8260,28.82,38.71,SAT,1,True
hf,hf_255,12,12,84,864,8129,5.17,4.11,SAT,420,2438,8374,29.66,8.21,SAT,1,True
hf,hf_256,12,12,85,864,8121,5.13,4.07,SAT,425,2375,7691,27.94,6.84,SAT,1,True
hf,hf_257,12,12,81,864,8080,4.92,4.03,SAT,405,2169,6673,25.66,9.96,SAT,1,True
hf,hf_258,12,12,83,864,8131,5.32,4.09,SAT,415,2349,7675,27.58,9.52,SAT,1,True
hf,hf_259,12,12,87,864,8142,5.43,4.12,SAT,435,2540,8687,30.61,17.51,SAT,1,True
hf,hf_260,12,12,85,864,8132,5.59,4.32,SAT,425,2422,8031,28.91,17.14,SAT,1,True
hf,hf_261,12,12,81,864,8169,5.24,3.93,SAT,405,2311,7720,26.39,7.80,SAT,1,True
hf,hf_262,12,12,88,864,8127,5.44,4.18,SAT,440,2511,8329,30.59,26.18,SAT,1,True
hf,hf_263,12,12,87,864,8128,5.06,4.13,SAT,435,2494,8279,29.12,13.34,SAT,1,True
hf,hf_264,12,12,84,864,8164,5.39,4.37,SAT,420,2444,8404,30.14,19.77,SAT,1,True
hf,hf_265,12,12,84,864,8149,5.58,4.38,SAT,420,2438,8308,30.03,23.95,SAT,1,True
hf,hf_266,12,12,73,864,8108,5.30,4.11,SAT,365,1831,5415,22.11,11.07,SAT,1,True
hf,hf_267,12,12,89,864,8138,5.11,4.30,SAT,445,2591,8819,30.96,31.16,SAT,1,True
hf,hf_268,12,12,82,864,8140,5.23,4.02,SAT,410,2339,7858,27.52,7.76,SAT,1,True
hf,hf_269,12,12,88,864,8147,5.24,4.14,SAT,440,2549,8787,31.47,9.45,SAT,1,True
hf,hf_270,12,12,82,864,8156,5.37,4.37,SAT,410,2328,7646,28.11,20.58,SAT,1,True
hf,hf_271,12,12,78,864,8150,5.41,4.30,SAT,390,2126,6760,24.78,28.42,SAT,1,True
hf,hf_272,12,12,84,864,8145,5.39,4.17,SAT,420,2442,8396,28.99,13.13,SAT,1,True
hf,hf_273,12,12,81,864,8103,5.24,4.02,SAT,405,2194,6761,24.99,8.48,SAT,1,True
hf,hf_274,12,12,85,864,8155,5.45,4.07,SAT,425,2409,7945,30.65,19.30,SAT,1,True
hf,hf_275,12,12,84,864,8186,5.15,4.17,SAT,420,2368,7781,28.08,9.51,SAT,1,True
hf,hf_276,12,12,84,864,8155,5.31,4.18,SAT,420,2420,8080,28.87,9.20,SAT,1,True
hf,hf_277,12,12,88,864,8140,5.34,4.21,SAT,440,2510,8353,29.93,27.29,SAT,1,True
hf,hf_278,12,12,70,864,8107,5.34,4.35,SAT,350,1894,6045,22.74,8.05,SAT,1,True
hf,hf_279,12,12,88,864,8153,5.45,4.30,SAT,440,2552,8676,31.52,8.69,SAT,1,True
hf,hf_280,12,12,85,864,8116,5.15,3.97,SAT,425,2380,7652,27.28,12.96,SAT,1,True
hf,hf_281,12,12,84,864,8129,5.52,4.14,SAT,420,2377,7884,27.68,7.64,SAT,1,True
hf,hf_282,12,12,83,864,8170,5.27,3.97,SAT,415,2369,7836,27.71,8.28,SAT,1,True
hf,hf_283,12,12,88,864,8125,5.36,4.23,SAT,440,2557,8669,29.77,17.28,SAT,1,True
hf,hf_284,12,12,84,864,8128,5.57,4.47,SAT,420,2351,7700,28.74,8.29,SAT,1,True
hf,hf_285,12,12,91,864,8135,5.44,4.90,SAT,455,2725,9591,33.45,16.26,SAT,1,True
hf,hf_286,12,12,90,864,8117,5.46,4.48,SAT,450,2640,9069,31.59,9.66,SAT,1,True
hf,hf_287,12,12,87,864,8152,5.47,4.28,SAT,435,2495,8301,30.39,30.72,SAT,1,True
hf,hf_288,12,12,83,864,8170,5.29,4.10,SAT,415,2331,7710,27.27,37.90,SAT,1,True
hf,hf_289,12,12,86,864,8138,5.18,4.24,SAT,430,2518,8590,31.02,9.81,SAT,1,True
hf,hf_290,12,12,86,864,8103,5.24,4.34,SAT,430,2446,8048,30.48,24.41,SAT,1,True
hf,hf_291,12,12,83,864,8116,5.34,4.14,SAT,415,2302,7395,29.33,18.38,SAT,1,True
hf,hf_292,12,12,86,864,8129,5.27,4.00,SAT,430,2437,8028,28.12,16.49,SAT,1,True
hf,hf_293,12,12,82,864,8107,5.32,4.22,SAT,410,2231,7054,26.40,6.45,SAT,1,True
hf,hf_294,12,12,86,864,8153,5.54,4.45,SAT,430,2464,8180,29.98,16.48,SAT,1,True
hf,hf_295,12,12,85,864,8155,5.35,4.15,SAT,425,2393,7771,28.42,9.06,SAT,1,True
hf,hf_296,12,12,91,864,8124,5.07,4.21,SAT,455,2671,9232,31.64,21.59,SAT,1,True
hf,hf_297,12,12,84,864,8170,5.64,4.24,SAT,420,2355,7730,27.95,7.35,SAT,1,True
hf,hf_298,12,12,89,864,8138,5.31,4.28,SAT,445,2567,8646,30.31,31.41,SAT,1,True
hf,hf_299,12,12,82,864,8148,5.67,4.08,SAT,410,2324,7614,28.10,7.59,SAT,1,True
hf,hf_300,12,12,76,864,8096,5.25,4.03,SAT,380,2002,6179,23.97,5.80,SAT,1,True
hf,hf_301,12,12,83,864,8128,5.54,4.35,SAT,415,2290,7287,27.32,11.35,SAT,1,True
hf,hf_302,12,12,87,864,8155,5.60,4.08,SAT,435,2459,8053,29.32,8.00,SAT,1,True
hf,hf_303,12,12,82,864,8147,5.31,4.51,SAT,410,2303,7492,27.30,10.15,SAT,1,True
hf,hf_304,12,12,83,864,8129,5.15,4.21,SAT,415,2297,7535,27.35,7.83,SAT,1,True
hf,hf_305,12,12,86,864,8124,5.44,4.01,SAT,430,2420,7876,28.73,20.48,SAT,1,True
hf,hf_306,12,12,84,864,8120,5.08,4.19,SAT,420,2303,7462,27.86,16.13,SAT,1,True
hf,hf_307,12,12,79,864,8150,5.33,4.19,SAT,395,2044,6285,23.68,5.88,SAT,1,True
hf,hf_308,12,12,76,864,8150,5.21,4.64,SAT,380,2068,6739,24.02,7.14,SAT,1,True
hf,hf_309,12,12,82,864,8176,5.30,3.97,SAT,410,2236,7265,26.86,6.25,SAT,1,True
hf,hf_310,12,12,92,864,8129,5.23,4.17,SAT,460,2699,9291,31.30,50.83,SAT,1,True
hf,hf_311,12,12,90,864,8121,5.13,4.26,SAT,450,2568,8536,30.08,38.31,SAT,1,True
hf,hf_312,12,12,72,864,8187,5.13,4.58,SAT,360,1982,6486,23.24,5.75,SAT,1,True
hf,hf_313,12,12,88,864,8119,5.67,5.08,SAT,440,2567,8722,33.19,46.10,SAT,1,True
hf,hf_314,12,12,86,864,8158,5.48,4.48,SAT,430,2477,8359,28.83,10.97,SAT,1,True
hf,hf_315,12,12,87,864,8123,5.31,4.17,SAT,435,2451,7973,27.79,8.02,SAT,1,True
hf,hf_316,12,12,86,864,8159,5.20,4.19,SAT,430,2451,8175,30.18,11.48,SAT,1,True
hf,hf_317,12,12,87,864,8149,5.74,4.23,SAT,435,2475,8177,28.25,22.15,SAT,1,True
hf,hf_318,12,12,86,864,8125,5.14,4.26,SAT,430,2461,8164,29.91,22.20,SAT,1,True
hf,hf_319,12,12,76,864,8185,5.40,4.07,SAT,380,2053,6358,23.49,5.48,SAT,1,True
hf,hf_320,12,12,84,864,8179,5.10,3.96,SAT,420,2416,8052,28.45,7.93,SAT,1,True
hf,hf_321,12,12,88,864,8139,5.24,4.09,SAT,440,2533,8452,29.77,7.35,SAT,1,True
hf,hf_322,12,12,84,864,8148,5.27,4.33,SAT,420,2293,7292,26.44,19.17,SAT,1,True
hf,hf_323,12,12,90,864,8126,5.26,4.12,SAT,450,2623,8964,29.34,38.80,SAT,1,True
hf,hf_324,12,12,80,864,8164,5.70,4.87,SAT,400,2202,7036,26.02,7.20,SAT,1,True
hf,hf_325,12,12,90,864,8110,5.26,4.10,SAT,450,2574,8597,30.16,39.24,SAT,1,True
hf,hf_326,12,12,89,864,8129,5.20,4.10,SAT,445,2579,8708,31.63,17.15,SAT,1,True
hf,hf_327,12,12,90,864,8118,5.37,4.18,SAT,450,2586,8672,30.91,7.95,SAT,1,True
hf,hf_328,12,12,90,864,8116,5.53,4.04,SAT,450,2597,8720,30.60,58.45,SAT,1,True
hf,hf_329,12,12,90,864,8118,5.15,4.01,SAT,450,2630,8990,31.90,55.70,SAT,1,True
hf,hf_330,12,12,82,864,8128,5.70,4.20,SAT,410,2311,7634,28.08,11.23,SAT,1,True
hf,hf_331,12,12,90,864,8134,5.50,4.36,SAT,450,2676,9328,32.61,10.81,SAT,1,True
hf,hf_332,12,12,90,864,8096,5.39,4.45,SAT,450,2612,8857,31.90,10.35,SAT,1,True
hf,hf_333,12,12,84,864,8159,5.75,4.31,SAT,420,2460,8496,29.31,8.44,SAT,1,True
hf,hf_334,12,12,89,864,8128,5.19,4.29,SAT,445,2586,8763,30.17,51.49,SAT,1,True
hf,hf_335,12,12,80,864,8201,6.33,4.41,SAT,400,2240,7370,31.72,9.27,SAT,1,True
hf,hf_336,12,12,84,864,8164,5.15,4.11,SAT,420,2373,7868,29.03,20.59,SAT,1,True
hf,hf_337,12,12,84,864,8176,5.29,4.33,SAT,420,2403,8044,28.77,12.80,SAT,1,True
hf,hf_338,12,12,85,864,8152,5.07,3.96,SAT,425,2434,8044,29.20,6.93,SAT,1,True
hf,hf_339,12,12,82,864,8124,5.20,4.02,SAT,410,2355,7970,28.02,7.98,SAT,1,True
hf,hf_340,12,12,88,864,8135,5.27,4.12,SAT,440,2544,8653,30.68,8.25,SAT,1,True
hf,hf_341,12,12,86,864,8181,5.27,4.06,SAT,430,2460,8200,29.26,8.28,SAT,1,True
hf,hf_342,12,12,84,864,8154,5.37,4.06,SAT,420,2454,8258,29.67,21.36,SAT,1,True
hf,hf_343,12,12,80,864,8146,5.31,3.98,SAT,400,2337,8052,27.36,6.94,SAT,1,True
hf,hf_344,12,12,87,864,8171,5.25,4.01,SAT,435,2510,8424,29.86,10.42,SAT,1,True
hf,hf_345,12,12,80,864,8120,5.53,3.98,SAT,400,2155,6796,25.62,6.50,SAT,1,True
hf,hf_346,12,12,80,864,8167,5.42,4.13,SAT,400,2280,7708,26.57,7.09,SAT,1,True
hf,hf_347,12,12,90,864,8121,6.01,4.23,SAT,450,2682,9320,33.51,9.33,SAT,1,True
hf,hf_348,12,12,81,864,8177,5.18,4.03,SAT,405,2380,8348,27.88,8.38,SAT,1,True
hf,hf_349,12,12,85,864,8152,5.11,4.23,SAT,425,2426,8062,28.86,7.46,SAT,1,True
hf,hf_350,12,12,88,864,8129,5.24,4.29,SAT,440,2563,8728,31.37,8.88,SAT,1,True
hf,hf_351,12,12,77,864,8226,5.76,4.03,SAT,385,2099,6637,24.47,5.43,SAT,1,True
hf,hf_352,12,12,86,864,8127,5.10,4.15,SAT,430,2427,7911,28.68,13.96,SAT,1,True
hf,hf_353,12,12,92,864,8100,5.07,4.23,SAT,460,2713,9411,31.65,7.60,SAT,1,True
hf,hf_354,12,12,84,864,8163,5.11,4.05,SAT,420,2308,7488,29.00,27.83,SAT,1,True
hf,hf_355,12,12,88,864,8117,5.09,4.13,SAT,440,2518,8494,30.25,8.55,SAT,1,True
hf,hf_356,12,12,82,864,8186,5.54,3.97,SAT,410,2329,7610,27.73,7.52,SAT,1,True
hf,hf_357,12,12,89,864,8137,5.14,4.25,SAT,445,2626,9114,31.26,20.58,SAT,1,True
hf,hf_358,12,12,84,864,8162,5.40,4.43,SAT,420,2455,8272,30.22,34.71,SAT,1,True
hf,hf_359,12,12,90,864,8132,5.05,4.23,SAT,450,2688,9404,32.25,37.98,SAT,1,True
hf,hf_360,12,12,87,864,8121,5.24,4.20,SAT,435,2465,8117,28.59,23.40,SAT,1,True
hf,hf_361,12,12,88,864,8126,5.18,3.94,SAT,440,2529,8456,30.33,9.02,SAT,1,True
hf,hf_362,12,12,85,864,8170,5.20,4.18,SAT,425,2460,8272,29.35,9.95,SAT,1,True
hf,hf_363,12,12,88,864,8153,5.29,4.19,SAT,440,2570,8748,30.53,13.22,SAT,1,True
hf,hf_364,12,12,75,864,8109,5.39,4.02,SAT,375,1953,5948,23.46,6.70,SAT,1,True
hf,hf_365,12,12,92,864,8112,5.63,4.09,SAT,460,2712,9462,31.98,8.18,SAT,1,True
hf,hf_366,12,12,89,864,8156,5.37,4.51,SAT,445,2576,8711,33.65,20.63,SAT,1,True
hf,hf_367,12,12,90,864,8136,5.47,5.45,SAT,450,2580,8644,33.23,45.93,SAT,1,True
hf,hf_368,12,12,90,864,8132,5.33,4.24,SAT,450,2618,8903,31.70,37.81,SAT,1,True
hf,hf_369,12,12,91,864,8145,5.40,4.42,SAT,455,2666,9151,33.06,11.26,SAT,1,True
hf,hf_370,12,12,90,864,8147,5.40,4.24,SAT,450,2618,8904,30.35,10.21,SAT,1,True
hf,hf_371,12,12,84,864,8162,5.26,4.06,SAT,420,2394,7931,28.59,8.10,SAT,1,True
hf,hf_372,12,12,89,864,8152,5.34,4.30,SAT,445,2621,9099,34.19,9.72,SAT,1,True
hf,hf_373,12,12,87,864,8152,5.22,4.58,SAT,435,2495,8339,29.43,12.94,SAT,1,True
hf,hf_374,12,12,90,864,8154,5.18,4.38,SAT,450,2652,9140,31.27,46.76,SAT,1,True
hf,hf_375,12,12,91,864,8142,5.15,4.36,SAT,455,2694,9372,31.79,12.30,SAT,1,True
hf,hf_376,12,12,87,864,8151,5.83,4.39,SAT,435,2523,8532,30.14,9.13,SAT,1,True
hf,hf_377,12,12,86,864,8120,6.55,4.62,SAT,430,2504,8376,33.43,12.38,SAT,1,True
hf,hf_378,12,12,81,864,8143,5.57,4.05,SAT,405,2171,6871,25.56,6.77,SAT,1,True
hf,hf_379,12,12,77,864,8165,5.19,4.21,SAT,385,2103,6654,24.75,5.98,SAT,1,True
hf,hf_380,12,12,88,864,8150,5.28,4.38,SAT,440,2572,8779,31.45,8.74,SAT,1,True
hf,hf_381,12,12,76,864,8137,5.42,4.18,SAT,380,2056,6524,24.13,6.89,SAT,1,True
hf,hf_382,12,12,84,864,8135,5.29,4.26,SAT,420,2376,7772,29.56,11.11,SAT,1,True
hf,hf_383,12,12,90,864,8130,5.34,4.37,SAT,450,2652,9132,32.39,15.22,SAT,1,True
hf,hf_384,12,12,92,864,8138,5.24,4.42,SAT,460,2732,9509,32.78,61.10,SAT,1,True
hf,hf_385,12,12,88,864,8134,5.16,4.36,SAT,440,2542,8530,30.09,19.21,SAT,1,True
hf,hf_386,12,12,87,864,8157,5.33,4.28,SAT,435,2524,8553,30.52,24.38,SAT,1,True
hf,hf_387,12,12,85,864,8137,6.12,4.22,SAT,425,2439,8177,31.29,8.75,SAT,1,True
hf,hf_388,12,12,90,864,8128,5.28,4.32,SAT,450,2625,8948,31.80,37.13,SAT,1,True
hf,hf_389,12,12,86,864,8141,5.26,4.14,SAT,430,2390,7736,28.93,18.77,SAT,1,True
hf,hf_390,12,12,70,864,8278,5.43,4.17,SAT,350,1856,5487,21.94,4.55,SAT,1,True
hf,hf_391,12,12,82,864,8159,5.40,4.11,SAT,410,2346,7688,28.24,7.24,SAT,1,True
hf,hf_392,12,12,91,864,8121,5.29,4.55,SAT,455,2638,8946,31.56,67.50,SAT,1,True
hf,hf_393,12,12,85,864,8155,5.70,4.06,SAT,425,2474,8412,28.93,8.34,SAT,1,True
hf,hf_394,12,12,89,864,8138,5.26,4.26,SAT,445,2571,8721,30.06,9.02,SAT,1,True
hf,hf_395,12,12,90,864,8144,5.17,4.47,SAT,450,2615,8894,31.08,19.58,SAT,1,True
hf,hf_396,12,12,74,864,8165,5.44,4.03,SAT,370,2026,6542,24.99,5.72,SAT,1,True
hf,hf_397,12,12,86,864,8160,5.36,4.16,SAT,430,2467,8339,29.31,17.78,SAT,1,True
hf,hf_398,12,12,87,864,8136,5.06,3.98,SAT,435,2567,8795,30.66,21.31,SAT,1,True
hf,hf_399,12,12,85,864,8156,5.17,4.00,SAT,425,2424,8023,27.83,7.50,SAT,1,True
hf,hf_400,12,12,89,864,8142,5.13,4.01,SAT,445,2577,8692,29.67,23.41,SAT,1,True
hf,hf_401,12,12,90,864,8133,5.15,4.09,SAT,450,2608,8845,30.82,38.95,SAT,1,True
hf,hf_402,12,12,90,864,8149,5.21,3.92,SAT,450,2646,9098,30.99,26.95,SAT,1,True
hf,hf_403,12,12,83,864,8153,5.09,3.86,SAT,415,2382,8002,27.59,7.60,SAT,1,True
hf,hf_404,12,12,87,864,8158,5.09,4.00,SAT,435,2522,8533,29.76,9.94,SAT,1,True
hf,hf_405,12,12,87,864,8132,5.10,3.99,SAT,435,2504,8372,29.31,40.37,SAT,1,True
hf,hf_406,12,12,88,864,8136,5.20,4.13,SAT,440,2568,8716,29.60,13.67,SAT,1,True
hf,hf_407,12,12,82,864,8176,5.54,4.45,SAT,410,2276,7464,27.43,6.85,SAT,1,True
hf,hf_408,12,12,90,864,8155,5.54,4.20,SAT,450,2696,9429,31.74,9.35,SAT,1,True
hf,hf_409,12,12,90,864,8126,4.98,3.95,SAT,450,2676,9324,31.46,8.28,SAT,1,True
hf,hf_410,12,12,91,864,8124,5.40,4.54,SAT,455,2659,9110,34.90,11.02,SAT,1,True
hf,hf_411,12,12,87,864,8159,5.77,4.63,SAT,435,2538,8631,32.94,9.48,SAT,1,True
hf,hf_412,12,12,88,864,8154,5.37,4.40,SAT,440,2606,8992,31.23,56.76,SAT,1,True
hf,hf_413,12,12,85,864,8148,5.54,4.27,SAT,425,2477,8421,30.44,9.10,SAT,1,True
hf,hf_414,12,12,88,864,8156,5.76,4.40,SAT,440,2574,8791,32.07,17.37,SAT,1,True
hf,hf_415,12,12,86,864,8163,5.69,4.54,SAT,430,2458,8278,31.13,22.25,SAT,1,True
hf,hf_416,12,12,81,864,8162,5.56,4.38,SAT,405,2287,7526,28.33,8.37,SAT,1,True
hf,hf_417,12,12,82,864,8148,5.93,4.56,SAT,410,2381,8114,29.40,10.87,SAT,1,True
hf,hf_418,12,12,82,864,8144,5.75,4.39,SAT,410,2350,7965,28.27,7.46,SAT,1,True
hf,hf_419,12,12,89,864,8157,5.36,4.27,SAT,445,2588,8789,32.18,8.78,SAT,1,True
hf,hf_420,12,12,88,864,8173,5.70,4.44,SAT,440,2580,8813,31.31,9.96,SAT,1,True
hf,hf_421,12,12,86,864,8159,5.58,4.24,SAT,430,2487,8477,29.99,19.60,SAT,1,True
hf,hf_422,12,12,86,864,8165,6.69,4.60,SAT,430,2496,8404,30.08,8.88,SAT,1,True
hf,hf_423,12,12,84,864,8162,6.92,5.34,SAT,420,2418,8115,32.64,18.99,SAT,1,True
hf,hf_424,12,12,82,864,8137,5.63,4.45,SAT,410,2275,7401,31.10,9.21,SAT,1,True
hf,hf_425,12,12,89,864,8127,6.33,5.09,SAT,445,2586,8789,35.29,10.68,SAT,1,True
hf,hf_426,12,12,88,864,8138,6.15,5.37,SAT,440,2600,8956,35.95,21.71,SAT,1,True
hf,hf_427,12,12,88,864,8162,6.17,4.83,SAT,440,2576,8775,32.51,10.62,SAT,1,True
hf,hf_428,12,12,76,864,8177,5.78,4.50,SAT,380,1994,5978,24.34,5.59,SAT,1,True
hf,hf_429,12,12,89,864,8131,5.55,4.84,SAT,445,2584,8772,31.68,14.99,SAT,1,True
hf,hf_430,12,12,88,864,8157,5.30,4.19,SAT,440,2580,8800,30.90,8.07,SAT,1,True
hf,hf_431,12,12,84,864,8138,5.19,3.98,SAT,420,2394,7796,28.20,7.28,SAT,1,True
hf,hf_432,12,12,89,864,8142,5.13,3.99,SAT,445,2596,8835,30.48,8.73,SAT,1,True
hf,hf_433,12,12,87,864,8151,5.46,4.30,SAT,435,2513,8454,29.63,32.41,SAT,1,True
hf,hf_434,12,12,82,864,8186,5.19,4.37,SAT,410,2349,7864,27.00,6.14,SAT,1,True
hf,hf_435,12,12,91,864,8128,5.10,4.01,SAT,455,2705,9441,31.37,9.00,SAT,1,True
hf,hf_436,12,12,82,864,8121,5.66,4.12,SAT,410,2278,7211,26.19,7.85,SAT,1,True
hf,hf_437,12,12,90,864,8136,5.24,4.27,SAT,450,2604,8880,30.68,14.08,SAT,1,True
hf,hf_438,12,12,88,864,8139,5.31,4.29,SAT,440,2593,9022,31.92,9.34,SAT,1,True
hf,hf_439,12,12,86,864,8137,5.13,4.22,SAT,430,2420,8018,28.26,10.91,SAT,1,True
hf,hf_440,12,12,84,864,8183,5.14,3.89,SAT,420,2386,7783,27.32,6.29,SAT,1,True
hf,hf_441,12,12,86,864,8162,5.16,4.18,SAT,430,2483,8327,29.45,10.14,SAT,1,True
hf,hf_442,12,12,90,864,8147,5.14,4.67,SAT,450,2702,9478,31.82,31.42,SAT,1,True
hf,hf_443,12,12,86,864,8137,5.32,4.30,SAT,430,2471,8258,29.27,7.99,SAT,1,True
hf,hf_444,12,12,88,864,8148,5.22,4.22,SAT,440,2523,8421,29.79,8.24,SAT,1,True
hf,hf_445,12,12,85,864,8148,5.17,3.91,SAT,425,2433,8055,28.36,7.01,SAT,1,True
hf,hf_446,12,12,87,864,8131,5.56,4.69,SAT,435,2477,8150,35.30,11.36,SAT,1,True
hf,hf_447,12,12,85,864,8136,7.09,4.70,SAT,425,2413,7957,33.46,10.69,SAT,1,True
hf,hf_448,12,12,88,864,8126,6.00,4.78,SAT,440,2535,8562,32.62,8.56,SAT,1,True
hf,hf_449,12,12,69,864,8140,5.17,3.94,SAT,345,1749,5255,20.03,5.75,SAT,1,True
hf,hf_450,12,12,89,864,8132,5.20,4.01,SAT,445,2642,9136,30.91,9.04,SAT,1,True
hf,hf_451,12,12,89,864,8137,5.64,4.36,SAT,445,2581,8730,31.06,9.84,SAT,1,True
hf,hf_452,12,12,85,864,8135,5.45,4.39,SAT,425,2409,7954,29.49,8.15,SAT,1,True
hf,hf_453,12,12,86,864,8137,5.46,4.47,SAT,430,2498,8530,30.55,9.09,SAT,1,True
hf,hf_454,12,12,88,864,8176,5.33,4.05,SAT,440,2532,8526,29.70,7.85,SAT,1,True
hf,hf_455,12,12,89,864,8168,5.70,4.33,SAT,445,2606,8884,32.51,11.09,SAT,1,True
hf,hf_456,12,12,92,864,8131,5.46,4.65,SAT,460,2689,9231,33.08,41.25,SAT,1,True
hf,hf_457,12,12,92,864,8125,5.40,4.55,SAT,460,2745,9641,34.06,13.60,SAT,1,True
hf,hf_458,12,12,72,864,8105,5.37,4.31,SAT,360,1864,5652,22.43,8.23,SAT,1,True
hf,hf_459,12,12,82,864,8224,5.49,4.27,SAT,410,2232,7179,26.45,7.25,SAT,1,True
hf,hf_460,12,12,88,864,8148,5.32,4.17,SAT,440,2550,8616,30.81,8.26,SAT,1,True
hf,hf_461,12,12,84,864,8144,5.33,3.98,SAT,420,2370,7777,27.49,7.14,SAT,1,True
hf,hf_462,12,12,91,864,8130,5.69,4.38,SAT,455,2671,9226,31.73,9.61,SAT,1,True
hf,hf_463,12,12,74,864,8120,5.36,4.08,SAT,370,1938,5934,23.57,11.55,SAT,1,True
hf,hf_464,12,12,83,864,8152,5.39,4.07,SAT,415,2267,7233,26.33,8.97,SAT,1,True
hf,hf_465,12,12,88,864,8137,5.80,3.96,SAT,440,2572,8767,29.17,14.76,SAT,1,True
hf,hf_466,12,12,89,864,8140,5.20,3.96,SAT,445,2579,8722,30.71,18.09,SAT,1,True
hf,hf_467,12,12,84,864,8152,5.19,4.08,SAT,420,2323,7550,26.70,15.98,SAT,1,True
hf,hf_468,12,12,85,864,8096,5.08,4.06,SAT,425,2533,9086,30.41,12.53,SAT,1,True
hf,hf_469,12,12,92,864,8126,5.22,4.27,SAT,460,2731,9520,31.85,9.73,SAT,1,True
hf,hf_470,12,12,81,864,8128,5.38,4.01,SAT,405,2226,7096,27.09,15.94,SAT,1,True
hf,hf_471,12,12,78,864,8080,5.01,4.03,SAT,390,2096,6324,23.67,5.67,SAT,1,True
hf,hf_472,12,12,76,864,8171,5.17,4.03,SAT,380,2047,6458,23.29,13.55,SAT,1,True
hf,hf_473,12,12,89,864,8126,5.15,4.06,SAT,445,2622,9021,31.24,13.09,SAT,1,True
hf,hf_474,12,12,86,864,8118,5.15,4.26,SAT,430,2446,8162,29.20,17.10,SAT,1,True
hf,hf_475,12,12,80,864,8125,5.32,3.96,SAT,400,2214,7035,25.29,9.36,SAT,1,True
hf,hf_476,12,12,87,864,8158,5.45,4.44,SAT,435,2445,8056,29.54,8.28,SAT,1,True
hf,hf_477,12,12,78,864,8080,5.11,4.09,SAT,390,2084,6290,24.36,6.04,SAT,1,True
hf,hf_478,12,12,88,864,8125,4.97,4.38,SAT,440,2555,8646,29.29,9.26,SAT,1,True
hf,hf_479,12,12,76,864,8106,5.12,3.95,SAT,380,1972,5962,22.84,6.75,SAT,1,True
hf,hf_480,12,12,78,864,8161,5.54,4.17,SAT,390,2112,6619,25.67,6.58,SAT,1,True
hf,hf_481,12,12,87,864,8123,5.60,4.19,SAT,435,2521,8604,29.59,8.03,SAT,1,True
hf,hf_482,12,12,81,864,8104,5.44,4.40,SAT,405,2140,6338,24.29,7.21,SAT,1,True
hf,hf_483,12,12,93,864,8129,5.42,4.11,SAT,465,2774,9721,32.42,8.89,SAT,1,True
hf,hf_484,12,12,83,864,8114,5.19,4.14,SAT,415,2284,7376,26.72,33.58,SAT,1,True
hf,hf_485,12,12,90,864,8125,5.45,4.41,SAT,450,2625,8959,30.89,17.53,SAT,1,True
hf,hf_486,12,12,83,864,8156,5.22,4.06,SAT,415,2305,7639,26.93,7.73,SAT,1,True
hf,hf_487,12,12,90,864,8122,5.26,4.19,SAT,450,2620,8971,30.32,50.75,SAT,1,True
hf,hf_488,12,12,93,864,8114,5.02,4.08,SAT,465,2738,9494,31.46,13.13,SAT,1,True
hf,hf_489,12,12,90,864,8132,5.15,3.94,SAT,450,2632,9023,30.83,7.97,SAT,1,True
hf,hf_490,12,12,92,864,8115,5.17,4.22,SAT,460,2714,9397,31.90,10.43,SAT,1,True
hf,hf_491,12,12,89,864,8118,5.29,4.53,SAT,445,2600,8942,33.15,29.74,SAT,1,True
hf,hf_492,12,12,86,864,8138,6.14,4.93,SAT,430,2456,8180,31.20,56.14,SAT,1,True
hf,hf_493,12,12,88,864,8123,5.50,4.48,SAT,440,2528,8508,32.15,9.98,SAT,1,True
hf,hf_494,12,12,92,864,8110,5.48,4.46,SAT,460,2699,9319,33.57,21.28,SAT,1,True
hf,hf_495,12,12,88,864,8126,5.38,4.60,SAT,440,2537,8543,31.16,12.10,SAT,1,True
hf,hf_496,12,12,92,864,8135,5.61,4.70,SAT,460,2708,9359,35.01,10.54,SAT,1,True
hf,hf_497,12,12,82,864,8178,5.67,4.88,SAT,410,2322,7583,28.96,7.31,SAT,1,True
hf,hf_498,12,12,82,864,8080,5.25,4.12,SAT,410,2212,6797,27.13,8.87,SAT,1,True
hf,hf_499,12,12,81,864,8139,5.45,4.18,SAT,405,2193,6852,26.41,8.32,SAT,1,True
hf,hf_500,12,12,73,864,8126,5.82,4.34,SAT,365,1865,5633,22.64,5.15,SAT,1,True
hf,hf_501,12,12,89,864,8123,5.55,4.66,SAT,445,2575,8689,32.00,46.33,SAT,1,True
hf,hf_502,12,12,85,864,8122,5.53,4.49,SAT,425,2345,7395,27.85,8.41,SAT,1,True
hf,hf_503,12,12,92,864,8116,5.37,4.50,SAT,460,2702,9320,33.41,53.30,SAT,1,True
hf,hf_504,12,12,87,864,8163,5.45,4.61,SAT,435,2539,8655,31.35,8.20,SAT,1,True
hf,hf_505,12,12,88,864,8125,5.31,4.46,SAT,440,2527,8440,30.06,11.08,SAT,1,True
hf,hf_506,12,12,86,864,8125,5.12,4.03,SAT,430,2479,8341,29.19,7.00,SAT,1,True
hf,hf_507,12,12,86,864,8096,5.01,3.89,SAT,430,2444,7960,28.30,8.39,SAT,1,True
hf,hf_508,12,12,79,864,8202,5.62,4.19,SAT,395,2070,6539,23.98,11.50,SAT,1,True
hf,hf_509,12,12,84,864,8152,5.53,4.06,SAT,420,2386,7879,27.19,8.13,SAT,1,True
hf,hf_510,12,12,90,864,8145,5.31,4.09,SAT,450,2650,9159,32.20,9.41,SAT,1,True
hf,hf_511,12,12,88,864,8145,5.16,4.02,SAT,440,2605,9033,30.26,8.44,SAT,1,True
hf,hf_512,12,12,66,864,8111,5.37,3.89,SAT,330,1606,4650,19.42,6.79,SAT,1,True
hf,hf_513,12,12,89,864,8137,5.51,4.35,SAT,445,2635,9083,31.07,9.55,SAT,1,True
hf,hf_514,12,12,86,864,8154,5.44,4.13,SAT,430,2465,8205,28.82,7.73,SAT,1,True
hf,hf_515,12,12,90,864,8128,5.26,4.13,SAT,450,2627,8943,30.56,12.72,SAT,1,True
hf,hf_516,12,12,90,864,8119,5.13,4.20,SAT,450,2610,8852,30.72,55.57,SAT,1,True
hf,hf_517,12,12,85,864,8165,5.13,4.10,SAT,425,2319,7537,26.82,27.58,SAT,1,True
hf,hf_518,12,12,92,864,8108,5.05,4.11,SAT,460,2714,9394,31.72,43.06,SAT,1,True
hf,hf_519,12,12,86,864,8176,5.25,4.11,SAT,430,2516,8616,28.80,12.54,SAT,1,True
hf,hf_520,12,12,87,864,8120,5.05,3.97,SAT,435,2470,8134,29.59,7.68,SAT,1,True
hf,hf_521,12,12,93,864,8113,5.36,4.25,SAT,465,2774,9736,32.47,18.33,SAT,1,True
hf,hf_522,12,12,84,864,8155,5.41,4.09,SAT,420,2359,7806,29.12,7.07,SAT,1,True
hf,hf_523,12,12,84,864,8125,5.20,4.11,SAT,420,2370,7704,28.11,7.99,SAT,1,True
hf,hf_524,12,12,91,864,8122,5.17,4.23,SAT,455,2677,9243,31.08,42.95,SAT,1,True
hf,hf_525,12,12,90,864,8117,5.51,4.17,SAT,450,2616,8876,30.29,44.93,SAT,1,True
hf,hf_526,12,12,87,864,8149,5.13,4.19,SAT,435,2531,8619,29.68,7.99,SAT,1,True
hf,hf_527,12,12,72,864,8162,5.32,4.16,SAT,360,1920,6137,22.23,5.99,SAT,1,True
hf,hf_528,12,12,72,864,8103,5.04,3.78,SAT,360,1831,5313,20.71,5.95,SAT,1,True
hf,hf_529,12,12,88,864,8170,5.19,4.12,SAT,440,2492,8360,29.54,33.15,SAT,1,True
hf,hf_530,12,12,91,864,8105,5.14,4.27,SAT,455,2623,8851,30.49,8.54,SAT,1,True
hf,hf_531,12,12,89,864,8132,5.12,4.15,SAT,445,2592,8828,29.73,48.67,SAT,1,True
hf,hf_532,12,12,86,864,8185,5.41,4.14,SAT,430,2500,8419,29.53,7.78,SAT,1,True
hf,hf_533,12,12,88,864,8155,5.38,4.07,SAT,440,2562,8866,29.72,9.56,SAT,1,True
hf,hf_534,12,12,76,864,8125,5.16,4.05,SAT,380,2080,6757,24.05,6.31,SAT,1,True
hf,hf_535,12,12,88,864,8130,5.58,4.10,SAT,440,2550,8637,29.76,10.72,SAT,1,True
hf,hf_536,12,12,92,864,8120,5.12,4.02,SAT,460,2718,9442,32.05,9.98,SAT,1,True
hf,hf_537,12,12,93,864,8113,5.06,4.08,SAT,465,2748,9571,31.51,37.16,SAT,1,True
hf,hf_538,12,12,88,864,8143,5.38,4.03,SAT,440,2516,8404,29.17,15.33,SAT,1,True
hf,hf_539,12,12,80,864,8155,5.21,4.05,SAT,400,2183,7006,25.37,10.07,SAT,1,True
hf,hf_540,12,12,89,864,8136,5.20,4.15,SAT,445,2610,8902,30.46,17.54,SAT,1,True
hf,hf_541,12,12,78,864,8160,5.50,4.09,SAT,390,2092,6568,24.12,6.67,SAT,1,True
hf,hf_542,12,12,89,864,8131,5.28,4.15,SAT,445,2609,8950,30.77,8.91,SAT,1,True
hf,hf_543,12,12,87,864,8171,5.57,4.28,SAT,435,2444,8116,28.71,30.29,SAT,1,True
hf,hf_544,12,12,86,864,8174,5.36,4.11,SAT,430,2500,8389,28.85,15.44,SAT,1,True
hf,hf_545,12,12,87,864,8133,5.32,4.01,SAT,435,2448,8021,28.39,8.11,SAT,1,True
hf,hf_546,12,12,87,864,8176,5.98,4.31,SAT,435,2529,8534,29.61,8.24,SAT,1,True
hf,hf_547,12,12,81,864,8080,5.07,3.90,SAT,405,2179,6615,24.76,5.90,SAT,1,True
hf,hf_548,12,12,85,864,8128,5.45,3.97,SAT,425,2404,7838,27.71,12.94,SAT,1,True
hf,hf_549,12,12,92,864,8137,5.25,4.10,SAT,460,2716,9428,31.51,65.13,SAT,1,True
hf,hf_550,12,12,89,864,8158,5.13,4.09,SAT,445,2628,9050,30.83,9.35,SAT,1,True
hf,hf_551,12,12,92,864,8120,5.41,4.36,SAT,460,2672,9112,31.36,17.80,SAT,1,True
hf,hf_552,12,12,96,864,8098,5.45,4.39,SAT,480,2869,10158,34.80,21.51,SAT,1,True
hf,hf_553,12,12,90,864,8155,5.18,4.38,SAT,450,2662,9234,32.07,37.86,SAT,1,True
hf,hf_554,12,12,88,864,8128,5.24,4.06,SAT,440,2547,8548,29.77,9.55,SAT,1,True
hf,hf_555,12,12,90,864,8125,5.34,4.43,SAT,450,2616,8898,30.37,30.30,SAT,1,True
hf,hf_556,12,12,90,864,8146,5.63,4.23,SAT,450,2633,8996,30.80,23.93,SAT,1,True
hf,hf_557,12,12,70,864,8156,5.08,3.82,SAT,350,1796,5372,20.60,4.66,SAT,1,True
hf,hf_558,12,12,88,864,8150,5.28,4.48,SAT,440,2528,8452,29.19,30.19,SAT,1,True
hf,hf_559,12,12,89,864,8168,5.44,4.12,SAT,445,2578,8721,30.05,10.93,SAT,1,True
hf,hf_560,12,12,86,864,8116,5.35,4.02,SAT,430,2427,7991,28.46,10.93,SAT,1,True
hf,hf_561,12,12,92,864,8139,5.11,4.55,SAT,460,2710,9398,31.84,40.69,SAT,1,True
hf,hf_562,12,12,85,864,8151,5.34,4.07,SAT,425,2511,8917,30.39,8.41,SAT,1,True
hf,hf_563,12,12,92,864,8122,5.15,4.10,SAT,460,2710,9344,31.70,16.27,SAT,1,True
hf,hf_564,12,12,88,864,8157,5.36,4.11,SAT,440,2553,8728,29.83,9.50,SAT,1,True
hf,hf_565,12,12,83,864,8129,5.06,4.11,SAT,415,2328,7484,26.36,7.42,SAT,1,True
hf,hf_566,12,12,84,864,8120,5.08,3.94,SAT,420,2350,7568,26.87,22.85,SAT,1,True
hf,hf_567,12,12,92,864,8122,5.16,4.15,SAT,460,2745,9596,32.37,10.84,SAT,1,True
hf,hf_568,12,12,91,864,8143,5.11,4.50,SAT,455,2664,9153,31.59,45.86,SAT,1,True
hf,hf_569,12,12,80,864,8192,5.53,4.13,SAT,400,2201,7234,26.17,7.51,SAT,1,True
hf,hf_570,12,12,92,864,8126,5.18,4.30,SAT,460,2751,9696,33.25,26.90,SAT,1,True
hf,hf_571,12,12,82,864,8164,5.51,3.96,SAT,410,2319,7568,27.21,6.99,SAT,1,True
hf,hf_572,12,12,86,864,8124,5.28,4.35,SAT,430,2432,8090,28.61,34.66,SAT,1,True
hf,hf_573,12,12,84,864,8106,5.15,4.14,SAT,420,2332,7448,26.66,6.48,SAT,1,True
hf,hf_574,12,12,86,864,8117,4.96,4.04,SAT,430,2415,7869,28.21,29.16,SAT,1,True
hf,hf_575,12,12,88,864,8123,5.12,4.21,SAT,440,2526,8446,29.33,35.71,SAT,1,True
hf,hf_576,12,12,82,864,8140,5.24,3.89,SAT,410,2278,7506,25.97,7.06,SAT,1,True
hf,hf_577,12,12,80,864,8150,5.66,4.03,SAT,400,2202,6940,24.72,6.08,SAT,1,True
hf,hf_578,12,12,84,864,8125,5.33,4.10,SAT,420,2310,7361,27.09,16.30,SAT,1,True
hf,hf_579,12,12,87,864,8128,5.22,3.95,SAT,435,2456,8025,28.30,8.09,SAT,1,True
hf,hf_580,12,12,89,864,8143,5.29,4.01,SAT,445,2584,8831,30.60,49.58,SAT,1,True
hf,hf_581,12,12,89,864,8121,5.19,4.13,SAT,445,2557,8561,30.06,8.44,SAT,1,True
hf,hf_582,12,12,86,864,8155,5.09,3.97,SAT,430,2462,8176,29.71,9.26,SAT,1,True
hf,hf_583,12,12,87,864,8155,5.44,4.09,SAT,435,2479,8251,30.78,8.78,SAT,1,True
hf,hf_584,12,12,81,864,8166,5.24,4.06,SAT,405,2331,7757,26.87,7.50,SAT,1,True
hf,hf_585,12,12,82,864,8146,5.22,3.93,SAT,410,2406,8344,28.45,8.79,SAT,1,True
hf,hf_586,12,12,88,864,8139,5.17,4.15,SAT,440,2534,8582,29.76,9.23,SAT,1,True
hf,hf_587,12,12,76,864,8173,5.37,3.92,SAT,380,2027,6260,23.85,6.33,SAT,1,True
hf,hf_588,12,12,88,864,8145,5.46,4.33,SAT,440,2537,8557,30.46,38.04,SAT,1,True
hf,hf_589,12,12,84,864,8196,5.49,4.19,SAT,420,2342,7768,28.18,9.23,SAT,1,True
hf,hf_590,12,12,83,864,8193,5.46,4.35,SAT,415,2370,7942,28.12,9.52,SAT,1,True
hf,hf_591,12,12,78,864,8156,5.28,4.16,SAT,390,2232,7568,26.88,6.85,SAT,1,True
hf,hf_592,12,12,90,864,8143,5.15,4.30,SAT,450,2672,9312,31.71,9.09,SAT,1,True
hf,hf_593,12,12,93,864,8118,5.22,4.13,SAT,465,2724,9417,31.79,68.97,SAT,1,True
hf,hf_594,12,12,87,864,8154,5.18,4.15,SAT,435,2501,8445,29.71,59.17,SAT,1,True
hf,hf_595,12,12,78,864,8178,5.41,4.48,SAT,390,2166,7051,25.05,6.78,SAT,1,True
hf,hf_596,12,12,84,864,8200,5.27,4.18,SAT,420,2338,7706,27.73,19.44,SAT,1,True
hf,hf_597,12,12,79,864,8228,6.16,4.11,SAT,395,2249,7456,26.54,20.65,SAT,1,True
hf,hf_598,12,12,85,864,8144,5.75,4.04,SAT,425,2441,8352,28.77,7.74,SAT,1,True
hf,hf_599,12,12,84,864,8168,5.38,4.29,SAT,420,2390,7894,28.24,8.06,SAT,1,True
hf,hf_600,12,12,89,864,8138,5.13,4.19,SAT,445,2567,8662,30.69,9.44,SAT,1,True
hf,hf_601,12,12,87,864,8147,5.37,4.14,SAT,435,2500,8399,29.55,7.95,SAT,1,True
hf,hf_602,12,12,76,864,8153,5.42,4.01,SAT,380,2050,6462,24.02,6.06,SAT,1,True
hf,hf_603,12,12,88,864,8137,5.58,4.88,SAT,440,2609,9230,32.42,8.82,SAT,1,True
hf,hf_604,12,12,87,864,8142,5.16,4.46,SAT,435,2536,8680,30.27,60.87,SAT,1,True
hf,hf_605,12,12,87,864,8162,5.50,4.13,SAT,435,2498,8388,29.21,8.66,SAT,1,True
hf,hf_606,12,12,86,864,8156,5.36,4.20,SAT,430,2444,8066,28.46,36.81,SAT,1,True
hf,hf_607,12,12,86,864,8140,5.24,4.02,SAT,430,2513,8566,29.98,8.79,SAT,1,True
hf,hf_608,12,12,86,864,8168,5.68,4.21,SAT,430,2399,7940,27.77,42.32,SAT,1,True
hf,hf_609,12,12,88,864,8146,5.54,4.10,SAT,440,2567,8720,29.76,9.48,SAT,1,True
hf,hf_610,12,12,90,864,8129,5.07,4.15,SAT,450,2603,8888,30.84,17.03,SAT,1,True
hf,hf_611,12,12,87,864,8159,5.09,4.05,SAT,435,2578,8931,29.59,12.00,SAT,1,True
hf,hf_612,12,12,86,864,8149,5.48,4.21,SAT,430,2566,8984,30.21,11.83,SAT,1,True
hf,hf_613,12,12,85,864,8135,5.34,4.44,SAT,425,2369,7595,29.44,6.82,SAT,1,True
hf,hf_614,12,12,88,864,8121,5.55,4.11,SAT,440,2496,8244,28.65,13.16,SAT,1,True
hf,hf_615,12,12,84,864,8162,5.19,4.04,SAT,420,2358,7564,27.91,7.16,SAT,1,True
hf,hf_616,12,12,84,864,8143,5.54,3.97,SAT,420,2335,7640,26.21,19.02,SAT,1,True
hf,hf_617,12,12,86,864,8146,5.40,4.21,SAT,430,2451,8136,28.73,36.78,SAT,1,True
hf,hf_618,12,12,88,864,8134,5.31,4.19,SAT,440,2542,8556,30.04,12.77,SAT,1,True
hf,hf_619,12,12,88,864,8173,5.46,4.42,SAT,440,2524,8446,29.52,14.96,SAT,1,True
hf,hf_620,12,12,78,864,8138,5.52,4.04,SAT,390,2088,6304,24.01,5.73,SAT,1,True
hf,hf_621,12,12,88,864,8151,5.14,4.35,SAT,440,2556,8658,29.77,9.32,SAT,1,True
hf,hf_622,12,12,90,864,8106,5.11,4.45,SAT,450,2595,8774,30.80,9.66,SAT,1,True
hf,hf_623,12,12,91,864,8142,5.49,4.21,SAT,455,2722,9579,31.99,10.69,SAT,1,True
hf,hf_624,12,12,89,864,8136,5.89,4.26,SAT,445,2592,8781,31.11,8.70,SAT,1,True
hf,hf_625,12,12,84,864,8128,5.20,4.14,SAT,420,2357,7729,28.45,28.41,SAT,1,True
hf,hf_626,12,12,82,864,8157,5.46,4.20,SAT,410,2311,7631,27.32,7.58,SAT,1,True
hf,hf_627,12,12,86,864,8155,5.20,4.10,SAT,430,2460,8152,28.40,8.50,SAT,1,True
hf,hf_628,12,12,85,864,8118,5.30,4.04,SAT,425,2413,7894,28.21,9.44,SAT,1,True
hf,hf_629,12,12,88,864,8142,5.47,4.10,SAT,440,2566,8852,30.66,9.40,SAT,1,True
hf,hf_630,12,12,84,864,8208,5.38,4.08,SAT,420,2396,8120,27.85,8.33,SAT,1,True
hf,hf_631,12,12,90,864,8146,5.26,4.46,SAT,450,2653,9186,31.04,10.15,SAT,1,True
hf,hf_632,12,12,89,864,8150,5.42,4.23,SAT,445,2603,8947,30.68,12.79,SAT,1,True
hf,hf_633,12,12,84,864,8140,5.29,4.25,SAT,420,2278,7182,27.09,11.33,SAT,1,True
hf,hf_634,12,12,88,864,8162,5.62,4.79,SAT,440,2548,8728,33.05,19.36,SAT,1,True
hf,hf_635,12,12,88,864,8145,5.41,4.21,SAT,440,2525,8454,29.93,8.57,SAT,1,True
hf,hf_636,12,12,87,864,8184,5.98,4.52,SAT,435,2418,7807,31.12,8.08,SAT,1,True
hf,hf_637,12,12,87,864,8133,5.50,4.34,SAT,435,2558,8754,32.98,22.70,SAT,1,True
hf,hf_638,12,12,84,864,8191,5.92,4.42,SAT,420,2396,7984,29.76,8.39,SAT,1,True
hf,hf_639,12,12,84,864,8208,5.60,4.48,SAT,420,2312,7460,28.77,7.39,SAT,1,True
hf,hf_640,12,12,90,864,8142,5.63,4.54,SAT,450,2687,9360,32.98,38.56,SAT,1,True
hf,hf_641,12,12,85,864,8164,5.92,4.57,SAT,425,2418,8038,31.06,9.52,SAT,1,True
hf,hf_642,12,12,85,864,8132,5.50,4.29,SAT,425,2384,7735,28.36,26.59,SAT,1,True
hf,hf_643,12,12,93,864,8129,5.45,4.52,SAT,465,2794,9923,34.02,49.61,SAT,1,True
hf,hf_644,12,12,83,864,8118,5.36,4.52,SAT,415,2291,7229,27.43,7.88,SAT,1,True
hf,hf_645,12,12,90,864,8140,5.36,4.23,SAT,450,2646,9081,30.75,43.61,SAT,1,True
hf,hf_646,12,12,88,864,8145,5.08,4.08,SAT,440,2587,8840,30.25,9.35,SAT,1,True
hf,hf_647,12,12,89,864,8149,5.20,4.33,SAT,445,2594,8836,30.67,9.56,SAT,1,True
hf,hf_648,12,12,80,864,8178,5.46,3.92,SAT,400,2216,7146,25.95,6.52,SAT,1,True
hf,hf_649,12,12,89,864,8132,5.47,4.35,SAT,445,2631,9247,30.80,8.66,SAT,1,True
hf,hf_650,12,12,86,864,8143,5.40,4.08,SAT,430,2411,7856,27.85,11.83,SAT,1,True
hf,hf_651,12,12,83,864,8205,5.25,3.95,SAT,415,2266,7393,26.48,7.63,SAT,1,True
hf,hf_652,12,12,86,864,8130,5.11,3.98,SAT,430,2437,8116,28.21,12.37,SAT,1,True
hf,hf_653,12,12,92,864,8136,5.09,4.22,SAT,460,2700,9307,32.05,60.50,SAT,1,True
hf,hf_654,12,12,88,864,8154,5.41,4.03,SAT,440,2614,9022,30.31,11.55,SAT,1,True
hf,hf_655,12,12,90,864,8148,5.20,4.17,SAT,450,2649,9132,30.52,61.94,SAT,1,True
hf,hf_656,12,12,84,864,8188,5.51,4.46,SAT,420,2398,7858,27.62,6.91,SAT,1,True
hf,hf_657,12,12,84,864,8164,5.60,4.11,SAT,420,2382,7826,27.35,7.20,SAT,1,True
hf,hf_658,12,12,91,864,8143,5.53,4.20,SAT,455,2660,9109,30.53,40.86,SAT,1,True
hf,hf_659,12,12,88,864,8141,5.27,3.95,SAT,440,2591,9079,30.31,8.91,SAT,1,True
hf,hf_660,12,12,86,864,8173,5.18,3.97,SAT,430,2441,8062,28.80,7.18,SAT,1,True
hf,hf_661,12,12,84,864,8169,5.23,4.08,SAT,420,2344,7684,27.23,31.25,SAT,1,True
hf,hf_662,12,12,90,864,8134,5.19,4.41,SAT,450,2606,8834,31.02,21.01,SAT,1,True
hf,hf_663,12,12,89,864,8147,5.92,4.29,SAT,445,2600,8867,30.53,53.29,SAT,1,True
hf,hf_664,12,12,82,864,8164,5.30,3.97,SAT,410,2320,7660,27.36,6.55,SAT,1,True
hf,hf_665,12,12,90,864,8117,5.37,4.31,SAT,450,2599,8789,29.98,50.28,SAT,1,True
hf,hf_666,12,12,84,864,8153,5.08,4.00,SAT,420,2384,7891,27.70,18.01,SAT,1,True
hf,hf_667,12,12,78,864,8174,5.28,4.10,SAT,390,2184,6985,25.12,6.95,SAT,1,True
hf,hf_668,12,12,88,864,8149,5.27,4.10,SAT,440,2525,8452,29.79,9.13,SAT,1,True
hf,hf_669,12,12,87,864,8156,5.06,3.96,SAT,435,2515,8432,28.70,7.48,SAT,1,True
hf,hf_670,12,12,88,864,8140,5.18,4.07,SAT,440,2530,8542,29.38,9.45,SAT,1,True
hf,hf_671,12,12,80,864,8132,5.18,3.97,SAT,400,2294,7517,26.24,6.87,SAT,1,True
hf,hf_672,12,12,89,864,8130,5.20,4.00,SAT,445,2573,8731,29.65,8.63,SAT,1,True
hf,hf_673,12,12,85,864,8150,5.09,3.96,SAT,425,2443,8129,28.84,14.14,SAT,1,True
hf,hf_674,12,12,88,864,8164,5.42,4.36,SAT,440,2493,8202,29.02,8.96,SAT,1,True
hf,hf_675,12,12,83,864,8157,5.48,4.30,SAT,415,2321,7435,26.72,6.98,SAT,1,True
hf,hf_676,12,12,86,864,8145,5.25,4.03,SAT,430,2464,8177,28.86,7.91,SAT,1,True
hf,hf_677,12,12,87,864,8143,5.68,4.03,SAT,435,2541,8686,29.41,9.02,SAT,1,True
hf,hf_678,12,12,87,864,8165,5.19,3.94,SAT,435,2475,8212,28.73,8.17,SAT,1,True
hf,hf_679,12,12,88,864,8155,5.25,4.06,SAT,440,2551,8588,29.80,7.77,SAT,1,True
hf,hf_680,12,12,86,864,8135,5.46,3.97,SAT,430,2464,8210,28.17,8.19,SAT,1,True
hf,hf_681,12,12,92,864,8121,5.07,3.95,SAT,460,2670,9104,30.98,12.99,SAT,1,True
hf,hf_682,12,12,89,864,8157,5.41,3.99,SAT,445,2556,8569,29.98,8.45,SAT,1,True
hf,hf_683,12,12,84,864,8140,5.57,3.90,SAT,420,2366,7756,27.91,6.67,SAT,1,True
hf,hf_684,12,12,88,864,8136,5.13,4.35,SAT,440,2564,8703,30.90,14.91,SAT,1,True
hf,hf_685,12,12,88,864,8165,5.52,4.49,SAT,440,2552,8628,30.05,39.85,SAT,1,True
hf,hf_686,12,12,92,864,8126,5.61,4.49,SAT,460,2707,9370,31.29,27.37,SAT,1,True
hf,hf_687,12,12,76,864,8248,5.39,4.04,SAT,380,2090,6910,24.23,5.84,SAT,1,True
hf,hf_688,12,12,91,864,8143,5.23,4.14,SAT,455,2642,9025,30.90,14.50,SAT,1,True
hf,hf_689,12,12,86,864,8135,5.24,4.13,SAT,430,2444,8025,28.36,15.31,SAT,1,True
hf,hf_690,12,12,80,864,8118,5.84,4.16,SAT,400,2350,8211,29.89,11.39,SAT,1,True
hf,hf_691,12,12,88,864,8132,5.58,4.52,SAT,440,2556,8600,31.33,9.72,SAT,1,True
hf,hf_692,12,12,88,864,8144,5.49,4.42,SAT,440,2536,8563,31.25,9.10,SAT,1,True
hf,hf_693,12,12,89,864,8128,5.58,4.69,SAT,445,2566,8624,34.76,15.26,SAT,1,True
hf,hf_694,12,12,87,864,8110,5.61,4.32,SAT,435,2474,8142,30.22,14.46,SAT,1,True
hf,hf_695,12,12,80,864,8139,5.72,4.64,SAT,400,2236,7234,29.63,7.96,SAT,1,True
hf,hf_696,12,12,87,864,8156,5.77,4.32,SAT,435,2503,8418,30.06,15.27,SAT,1,True
hf,hf_697,12,12,93,864,8129,5.65,4.53,SAT,465,2762,9659,34.40,43.24,SAT,1,True
hf,hf_698,12,12,84,864,8155,5.40,4.38,SAT,420,2503,8940,31.23,8.27,SAT,1,True
hf,hf_699,12,12,84,864,8159,5.87,4.57,SAT,420,2503,8940,30.47,8.70,SAT,1,True
hf,hf_700,12,12,90,864,8125,5.42,4.36,SAT,450,2609,8878,31.70,13.96,SAT,1,True
hf,hf_701,12,12,85,864,8099,5.40,4.11,SAT,425,2371,7757,27.79,7.13,SAT,1,True
hf,hf_702,12,12,92,864,8131,5.18,4.18,SAT,460,2708,9376,33.04,13.54,SAT,1,True
hf,hf_703,12,12,85,864,8154,5.20,3.96,SAT,425,2421,8076,28.26,8.35,SAT,1,True
hf,hf_704,12,12,82,864,8152,5.36,4.16,SAT,410,2315,7708,26.83,7.68,SAT,1,True
hf,hf_705,12,12,87,864,8123,5.33,4.48,SAT,435,2484,8257,30.23,7.32,SAT,1,True
hf,hf_706,12,12,86,864,8104,5.77,4.18,SAT,430,2477,8442,29.46,7.61,SAT,1,True
hf,hf_707,12,12,80,864,8169,5.33,4.05,SAT,400,2192,7068,25.54,6.75,SAT,1,True
hf,hf_708,12,12,92,864,8139,5.20,4.63,SAT,460,2736,9560,31.94,36.93,SAT,1,True
hf,hf_709,12,12,85,864,8113,5.48,4.31,SAT,425,2394,7741,27.62,18.58,SAT,1,True
hf,hf_710,12,12,91,864,8131,5.16,4.26,SAT,455,2645,9020,31.19,15.00,SAT,1,True
hf,hf_711,12,12,79,864,8080,5.22,4.46,SAT,395,2151,6501,24.82,6.04,SAT,1,True
hf,hf_712,12,12,64,864,8178,5.33,4.22,SAT,320,1482,4116,17.16,5.50,SAT,1,True
hf,hf_713,12,12,90,864,8150,5.48,4.39,SAT,450,2602,8812,31.73,11.12,SAT,1,True
hf,hf_714,12,12,83,864,8160,5.61,4.07,SAT,415,2347,7834,28.14,9.66,SAT,1,True
hf,hf_715,12,12,89,864,8118,5.42,4.41,SAT,445,2555,8553,31.34,20.56,SAT,1,True
hf,hf_716,12,12,92,864,8140,5.35,4.36,SAT,460,2708,9349,32.58,41.80,SAT,1,True
hf,hf_717,12,12,88,864,8136,5.46,4.29,SAT,440,2545,8594,30.27,8.94,SAT,1,True
hf,hf_718,12,12,87,864,8128,5.52,4.52,SAT,435,2479,8243,30.68,8.91,SAT,1,True
hf,hf_719,12,12,87,864,8129,5.36,4.16,SAT,435,2527,8517,30.41,21.69,SAT,1,True
hf,hf_720,12,12,92,864,8117,5.48,4.38,SAT,460,2712,9416,33.35,19.29,SAT,1,True
hf,hf_721,12,12,88,864,8110,5.42,4.21,SAT,440,2543,8552,29.80,8.60,SAT,1,True
hf,hf_722,12,12,85,864,8136,5.42,4.41,SAT,425,2421,7941,28.13,8.46,SAT,1,True
hf,hf_723,12,12,86,864,8153,5.38,4.27,SAT,430,2436,8054,28.81,7.39,SAT,1,True
hf,hf_724,12,12,91,864,8145,6.11,4.93,SAT,455,2700,9367,32.14,58.16,SAT,1,True
hf,hf_725,12,12,80,864,8128,5.20,3.96,SAT,400,2268,7780,26.67,6.22,SAT,1,True
hf,hf_726,12,12,87,864,8151,5.38,4.47,SAT,435,2497,8491,30.77,56.31,SAT,1,True
hf,hf_727,12,12,96,864,8106,5.50,4.93,SAT,480,2896,10339,36.17,12.57,SAT,1,True
hf,hf_728,12,12,87,864,8128,5.27,4.07,SAT,435,2444,8019,29.58,12.34,SAT,1,True
hf,hf_729,12,12,88,864,8125,5.18,4.16,SAT,440,2550,8603,31.37,57.35,SAT,1,True
hf,hf_730,12,12,85,864,8171,5.81,4.69,SAT,425,2431,8179,31.79,11.35,SAT,1,True
hf,hf_731,12,12,80,864,8173,6.11,4.57,SAT,400,2203,7137,26.82,7.64,SAT,1,True
hf,hf_732,12,12,88,864,8124,5.42,4.60,SAT,440,2571,8764,31.92,25.10,SAT,1,True
hf,hf_733,12,12,86,864,8148,5.46,4.62,SAT,430,2454,8090,29.45,34.76,SAT,1,True
hf,hf_734,12,12,77,864,8183,5.43,4.13,SAT,385,2124,7062,25.81,10.85,SAT,1,True
hf,hf_735,12,12,84,864,8157,5.12,4.13,SAT,420,2387,8002,30.27,28.18,SAT,1,True
hf,hf_736,12,12,87,864,8124,5.24,4.23,SAT,435,2559,8892,30.27,8.85,SAT,1,True
hf,hf_737,12,12,85,864,8144,5.53,4.05,SAT,425,2497,8679,28.64,10.05,SAT,1,True
hf,hf_738,12,12,89,864,8152,5.09,4.00,SAT,445,2586,8779,30.18,19.92,SAT,1,True
hf,hf_739,12,12,87,864,8128,5.08,4.07,SAT,435,2458,8029,28.31,10.96,SAT,1,True
hf,hf_740,12,12,90,864,8121,5.30,4.05,SAT,450,2641,9081,30.57,45.74,SAT,1,True
hf,hf_741,12,12,88,864,8145,5.30,4.30,SAT,440,2522,8485,29.06,12.13,SAT,1,True
hf,hf_742,12,12,88,864,8128,5.15,4.06,SAT,440,2556,8720,30.74,7.53,SAT,1,True
hf,hf_743,12,12,91,864,8117,6.19,4.16,SAT,455,2683,9332,35.98,11.49,SAT,1,True
hf,hf_744,12,12,87,864,8124,5.80,4.95,SAT,435,2449,8067,32.12,9.92,SAT,1,True
hf,hf_745,12,12,92,864,8105,5.89,5.80,SAT,460,2728,9518,38.36,30.19,SAT,1,True
hf,hf_746,12,12,90,864,8132,5.20,4.21,SAT,450,2628,9005,30.77,37.82,SAT,1,True
hf,hf_747,12,12,90,864,8110,5.19,4.38,SAT,450,2589,8719,29.73,16.63,SAT,1,True
hf,hf_748,12,12,91,864,8123,5.19,4.10,SAT,455,2641,8986,31.30,10.06,SAT,1,True
hf,hf_749,12,12,88,864,8130,5.76,4.07,SAT,440,2536,8684,29.57,19.85,SAT,1,True
hf,hf_750,12,12,91,864,8138,5.23,4.24,SAT,455,2623,8927,30.73,51.60,SAT,1,True
hf,hf_751,12,12,88,864,8176,5.23,4.23,SAT,440,2582,8862,29.91,8.45,SAT,1,True
hf,hf_752,12,12,89,864,8152,5.19,4.02,SAT,445,2531,8407,29.24,23.51,SAT,1,True
hf,hf_753,12,12,90,864,8140,5.09,4.08,SAT,450,2669,9248,31.86,9.21,SAT,1,True
hf,hf_754,12,12,90,864,8147,5.03,4.08,SAT,450,2609,8944,31.54,37.87,SAT,1,True
hf,hf_755,12,12,86,864,8131,5.84,3.99,SAT,430,2465,8168,28.45,16.95,SAT,1,True
hf,hf_756,12,12,86,864,8144,5.30,4.07,SAT,430,2465,8246,30.09,10.25,SAT,1,True
hf,hf_757,12,12,88,864,8149,5.19,4.43,SAT,440,2532,8682,30.92,11.41,SAT,1,True
hf,hf_758,12,12,80,864,8133,5.24,3.96,SAT,400,2188,7048,25.88,8.57,SAT,1,True
hf,hf_759,12,12,90,864,8141,5.26,4.22,SAT,450,2651,9168,31.55,15.45,SAT,1,True
hf,hf_760,12,12,90,864,8133,5.15,4.22,SAT,450,2689,9400,32.20,13.62,SAT,1,True
hf,hf_761,12,12,92,864,8117,5.03,4.24,SAT,460,2750,9640,31.78,39.13,SAT,1,True
hf,hf_762,12,12,89,864,8168,5.26,4.12,SAT,445,2586,8899,29.97,10.44,SAT,1,True
hf,hf_763,12,12,92,864,8128,5.08,4.08,SAT,460,2708,9366,32.15,8.71,SAT,1,True
hf,hf_764,12,12,84,864,8122,5.09,3.90,SAT,420,2381,7869,29.57,7.14,SAT,1,True
hf,hf_765,12,12,88,864,8149,5.43,4.21,SAT,440,2454,8116,28.31,24.37,SAT,1,True
hf,hf_766,12,12,86,864,8145,5.16,4.06,SAT,430,2483,8340,29.46,18.01,SAT,1,True
hf,hf_767,12,12,87,864,8160,5.32,4.01,SAT,435,2538,8596,29.92,9.12,SAT,1,True
hf,hf_768,12,12,87,864,8153,5.19,3.98,SAT,435,2438,8161,29.44,9.22,SAT,1,True
hf,hf_769,12,12,84,864,8128,5.11,4.09,SAT,420,2363,7780,27.48,37.74,SAT,1,True
hf,hf_770,12,12,89,864,8132,5.64,4.13,SAT,445,2576,8682,29.90,31.69,SAT,1,True
hf,hf_771,12,12,78,864,8165,5.28,3.91,SAT,390,2162,6668,24.24,5.86,SAT,1,True
hf,hf_772,12,12,87,864,8171,5.25,4.15,SAT,435,2544,8672,29.53,8.72,SAT,1,True
hf,hf_773,12,12,86,864,8159,5.46,4.05,SAT,430,2409,7960,28.46,8.50,SAT,1,True
hf,hf_774,12,12,93,864,8108,5.26,4.05,SAT,465,2750,9582,32.92,7.91,SAT,1,True
hf,hf_775,12,12,90,864,8151,5.45,4.26,SAT,450,2654,9172,31.19,10.71,SAT,1,True
hf,hf_776,12,12,89,864,8152,5.27,4.22,SAT,445,2625,9109,30.61,46.89,SAT,1,True
hf,hf_777,12,12,84,864,8151,5.20,3.94,SAT,420,2295,7394,26.56,6.27,SAT,1,True
hf,hf_778,12,12,91,864,8139,5.52,4.07,SAT,455,2673,9231,31.04,9.93,SAT,1,True
hf,hf_779,12,12,82,864,8151,5.19,4.06,SAT,410,2290,7272,26.95,6.52,SAT,1,True
hf,hf_780,12,12,86,864,8154,5.39,4.16,SAT,430,2416,7938,28.46,12.17,SAT,1,True
hf,hf_781,12,12,86,864,8135,5.20,3.98,SAT,430,2468,8216,28.23,8.14,SAT,1,True
hf,hf_782,12,12,84,864,8188,5.20,3.97,SAT,420,2388,7816,27.97,20.93,SAT,1,True
hf,hf_783,12,12,88,864,8161,5.26,4.01,SAT,440,2625,9038,31.01,7.68,SAT,1,True
hf,hf_784,12,12,86,864,8148,5.31,3.97,SAT,430,2488,8424,29.02,8.29,SAT,1,True
hf,hf_785,12,12,90,864,8132,5.17,4.32,SAT,450,2643,9114,32.15,63.08,SAT,1,True
hf,hf_786,12,12,90,864,8125,5.09,4.22,SAT,450,2630,9004,30.82,31.86,SAT,1,True
hf,hf_787,12,12,87,864,8166,5.14,4.06,SAT,435,2493,8374,29.78,8.84,SAT,1,True
hf,hf_788,12,12,82,864,8184,5.42,4.22,SAT,410,2289,7538,26.10,7.37,SAT,1,True
hf,hf_789,12,12,85,864,8154,5.04,4.25,SAT,425,2405,7939,27.75,6.90,SAT,1,True
hf,hf_790,12,12,86,864,8173,5.23,4.24,SAT,430,2492,8376,28.84,50.70,SAT,1,True
hf,hf_791,12,12,86,864,8164,5.24,4.01,SAT,430,2419,8042,27.71,10.51,SAT,1,True
hf,hf_792,12,12,86,864,8136,5.21,3.99,SAT,430,2447,8016,28.41,9.88,SAT,1,True
hf,hf_793,12,12,89,864,8157,5.44,4.10,SAT,445,2602,8890,30.04,9.83,SAT,1,True
hf,hf_794,12,12,80,864,8151,5.25,4.00,SAT,400,2280,7502,26.82,16.88,SAT,1,True
hf,hf_795,12,12,88,864,8163,5.48,4.34,SAT,440,2551,8614,31.07,14.00,SAT,1,True
hf,hf_796,12,12,88,864,8133,5.44,4.09,SAT,440,2548,8606,30.10,9.54,SAT,1,True
hf,hf_797,12,12,80,864,8183,5.28,3.96,SAT,400,2221,7161,26.05,6.49,SAT,1,True
hf,hf_798,12,12,88,864,8176,5.23,3.97,SAT,440,2552,8689,29.58,8.18,SAT,1,True
hf,hf_799,12,12,88,864,8126,5.44,4.08,SAT,440,2581,8792,30.21,13.11,SAT,1,True
hf,hf_800,12,12,86,864,8172,5.49,4.04,SAT,430,2441,8236,28.86,7.45,SAT,1,True
hf,hf_801,12,12,86,864,8147,5.25,4.30,SAT,430,2449,8108,29.20,8.99,SAT,1,True
hf,hf_802,12,12,91,864,8134,5.46,4.08,SAT,455,2729,9564,31.59,9.22,SAT,1,True
hf,hf_803,12,12,79,864,8080,5.13,3.91,SAT,395,2073,6141,24.41,5.82,SAT,1,True
hf,hf_804,12,12,85,864,8135,5.17,4.10,SAT,425,2469,8317,28.57,8.00,SAT,1,True
hf,hf_805,12,12,87,864,8155,5.18,4.07,SAT,435,2499,8512,30.42,8.50,SAT,1,True
hf,hf_806,12,12,88,864,8170,5.48,4.11,SAT,440,2532,8678,30.94,9.98,SAT,1,True
hf,hf_807,12,12,90,864,8128,5.49,4.28,SAT,450,2653,9190,31.91,14.93,SAT,1,True
hf,hf_808,12,12,90,864,8154,5.20,4.02,SAT,450,2596,8850,30.53,8.91,SAT,1,True
hf,hf_809,12,12,90,864,8133,5.27,4.07,SAT,450,2637,9063,30.85,28.29,SAT,1,True
hf,hf_810,12,12,92,864,8137,5.19,4.46,SAT,460,2776,9850,33.10,9.93,SAT,1,True
hf,hf_811,12,12,80,864,8124,5.43,3.83,SAT,400,2306,7476,26.30,6.84,SAT,1,True
hf,hf_812,12,12,86,864,8149,5.42,4.21,SAT,430,2489,8426,28.98,20.40,SAT,1,True
hf,hf_813,12,12,88,864,8151,5.23,4.07,SAT,440,2564,8688,31.40,12.11,SAT,1,True
hf,hf_814,12,12,87,864,8175,5.40,4.01,SAT,435,2536,8598,29.60,15.58,SAT,1,True
hf,hf_815,12,12,92,864,8141,5.23,4.11,SAT,460,2744,9645,33.02,16.52,SAT,1,True
hf,hf_816,12,12,89,864,8141,5.55,4.20,SAT,445,2567,8645,31.80,10.79,SAT,1,True
hf,hf_817,12,12,88,864,8143,5.58,4.14,SAT,440,2539,8676,30.34,9.03,SAT,1,True
hf,hf_818,12,12,91,864,8123,5.11,4.30,SAT,455,2652,9056,31.16,8.44,SAT,1,True
hf,hf_819,12,12,88,864,8125,5.24,4.09,SAT,440,2457,8098,29.16,7.36,SAT,1,True
hf,hf_820,12,12,87,864,8137,5.21,4.02,SAT,435,2490,8285,28.70,7.74,SAT,1,True
hf,hf_821,12,12,89,864,8128,5.16,4.08,SAT,445,2629,9105,31.34,8.19,SAT,1,True
hf,hf_822,12,12,90,864,8128,5.47,4.04,SAT,450,2659,9202,31.83,61.12,SAT,1,True
hf,hf_823,12,12,85,864,8164,5.27,4.05,SAT,425,2469,8388,29.52,11.56,SAT,1,True
hf,hf_824,12,12,76,864,8124,5.22,3.79,SAT,380,1953,5862,21.75,5.23,SAT,1,True
hf,hf_825,12,12,81,864,8080,5.17,3.97,SAT,405,2221,7042,25.41,6.35,SAT,1,True
hf,hf_826,12,12,87,864,8144,5.35,4.09,SAT,435,2500,8389,28.97,19.85,SAT,1,True
hf,hf_827,12,12,85,864,8154,5.19,4.56,SAT,425,2394,7850,27.90,8.60,SAT,1,True
hf,hf_828,12,12,90,864,8134,5.33,4.29,SAT,450,2646,9149,31.23,13.66,SAT,1,True
hf,hf_829,12,12,93,864,8113,5.05,4.04,SAT,465,2748,9587,32.09,18.93,SAT,1,True
hf,hf_830,12,12,90,864,8145,5.44,4.35,SAT,450,2645,9109,31.16,22.33,SAT,1,True
hf,hf_831,12,12,84,864,8128,5.25,4.02,SAT,420,2493,8950,29.88,9.23,SAT,1,True
hf,hf_832,12,12,82,864,8080,5.18,4.02,SAT,410,2232,6855,26.40,6.34,SAT,1,True
hf,hf_833,12,12,80,864,8220,5.35,4.09,SAT,400,2192,7069,25.40,7.00,SAT,1,True
hf,hf_834,12,12,90,864,8121,5.42,4.11,SAT,450,2647,9102,30.83,9.27,SAT,1,True
hf,hf_835,12,12,87,864,8148,5.68,4.21,SAT,435,2504,8450,28.59,37.85,SAT,1,True
hf,hf_836,12,12,80,864,8154,5.17,3.88,SAT,400,2246,7306,25.82,6.93,SAT,1,True
hf,hf_837,12,12,84,864,8143,5.16,4.09,SAT,420,2341,7628,27.05,8.87,SAT,1,True
hf,hf_838,12,12,89,864,8146,5.65,4.56,SAT,445,2570,8650,35.66,38.60,SAT,1,True
hf,hf_839,12,12,82,864,8080,5.37,4.55,SAT,410,2262,7180,26.33,6.94,SAT,1,True
hf,hf_840,12,12,90,864,8144,5.24,4.11,SAT,450,2628,9011,32.68,9.03,SAT,1,True
hf,hf_841,12,12,89,864,8143,5.47,4.43,SAT,445,2558,8569,31.26,12.71,SAT,1,True
hf,hf_842,12,12,88,864,8116,5.31,4.37,SAT,440,2574,8764,32.36,8.83,SAT,1,True
hf,hf_843,12,12,87,864,8142,5.54,4.58,SAT,435,2514,8547,31.12,9.00,SAT,1,True
hf,hf_844,12,12,91,864,8130,5.39,4.28,SAT,455,2644,9019,32.69,11.05,SAT,1,True
hf,hf_845,12,12,78,864,8157,5.28,4.04,SAT,390,2143,6902,25.10,6.81,SAT,1,True
hf,hf_846,12,12,91,864,8143,5.48,4.69,SAT,455,2706,9462,33.13,28.04,SAT,1,True
hf,hf_847,12,12,91,864,8143,5.76,4.66,SAT,455,2676,9245,35.05,18.81,SAT,1,True
hf,hf_848,12,12,86,864,8080,5.67,4.33,SAT,430,2430,7922,30.40,9.25,SAT,1,True
hf,hf_849,12,12,86,864,8145,5.30,4.40,SAT,430,2440,8222,29.36,12.02,SAT,1,True
hf,hf_850,12,12,87,864,8147,5.31,4.36,SAT,435,2492,8358,30.64,34.31,SAT,1,True
hf,hf_851,12,12,86,864,8160,6.44,4.31,SAT,430,2476,8441,30.71,9.67,SAT,1,True
hf,hf_852,12,12,90,864,8150,5.21,4.16,SAT,450,2608,8860,31.16,9.87,SAT,1,True
hf,hf_853,12,12,88,864,8149,5.21,4.42,SAT,440,2562,8775,30.76,11.42,SAT,1,True
hf,hf_854,12,12,92,864,8132,5.33,4.11,SAT,460,2716,9468,32.29,29.42,SAT,1,True
hf,hf_855,12,12,89,864,8153,5.22,4.05,SAT,445,2543,8515,31.99,15.03,SAT,1,True
hf,hf_856,12,12,89,864,8133,5.36,4.31,SAT,445,2595,8828,31.02,9.43,SAT,1,True
hf,hf_857,12,12,83,864,8134,5.22,4.14,SAT,415,2339,7670,26.89,13.89,SAT,1,True
hf,hf_858,12,12,90,864,8140,5.37,4.34,SAT,450,2660,9326,32.25,10.82,SAT,1,True
hf,hf_859,12,12,84,864,8200,5.48,4.31,SAT,420,2332,7680,28.09,15.89,SAT,1,True
hf,hf_860,12,12,85,864,8158,5.63,4.20,SAT,425,2402,7997,29.08,8.99,SAT,1,True
hf,hf_861,12,12,84,864,8159,5.58,4.29,SAT,420,2378,7898,28.05,18.97,SAT,1,True
hf,hf_862,12,12,88,864,8152,5.34,4.42,SAT,440,2518,8394,29.69,22.70,SAT,1,True
hf,hf_863,12,12,91,864,8108,5.57,4.37,SAT,455,2665,9169,32.16,49.82,SAT,1,True
hf,hf_864,12,12,89,864,8134,5.42,4.20,SAT,445,2588,8799,31.42,8.19,SAT,1,True
hf,hf_865,12,12,82,864,8164,5.31,4.50,SAT,410,2352,7647,29.93,7.58,SAT,1,True
hf,hf_866,12,12,82,864,8175,5.52,4.07,SAT,410,2333,7662,27.42,18.76,SAT,1,True
hf,hf_867,12,12,88,864,8129,5.64,4.49,SAT,440,2516,8416,31.94,8.77,SAT,1,True
hf,hf_868,12,12,88,864,8151,6.50,4.62,SAT,440,2534,8642,33.55,14.67,SAT,1,True
hf,hf_869,12,12,88,864,8151,6.17,4.48,SAT,440,2549,8674,31.42,20.68,SAT,1,True
hf,hf_870,12,12,88,864,8136,5.61,4.21,SAT,440,2528,8448,32.22,8.14,SAT,1,True
hf,hf_871,12,12,89,864,8164,5.35,4.28,SAT,445,2582,8780,30.97,18.53,SAT,1,True
hf,hf_872,12,12,88,864,8173,5.28,4.22,SAT,440,2552,8792,31.41,8.15,SAT,1,True
hf,hf_873,12,12,88,864,8148,5.43,4.23,SAT,440,2556,8656,31.77,9.02,SAT,1,True
hf,hf_874,12,12,87,864,8162,5.50,4.35,SAT,435,2499,8402,30.31,24.95,SAT,1,True
hf,hf_875,12,12,86,864,8156,5.32,4.29,SAT,430,2476,8267,30.59,8.27,SAT,1,True
hf,hf_876,12,12,87,864,8159,5.22,4.45,SAT,435,2522,8504,32.29,22.35,SAT,1,True
hf,hf_877,12,12,89,864,8131,5.43,4.11,SAT,445,2583,8754,31.45,8.95,SAT,1,True
hf,hf_878,12,12,87,864,8145,5.39,4.64,SAT,435,2478,8288,32.15,9.57,SAT,1,True
hf,hf_879,12,12,93,864,8127,5.30,4.25,SAT,465,2762,9671,34.03,18.12,SAT,1,True
hf,hf_880,12,12,76,864,8114,5.48,4.11,SAT,380,1984,6246,23.65,5.85,SAT,1,True
hf,hf_881,12,12,87,864,8151,5.27,4.58,SAT,435,2559,8769,30.71,9.70,SAT,1,True
hf,hf_882,12,12,78,864,8136,5.14,4.19,SAT,390,2072,6640,24.47,6.81,SAT,1,True
hf,hf_883,12,12,88,864,8161,5.37,4.40,SAT,440,2471,8060,29.20,13.88,SAT,1,True
hf,hf_884,12,12,92,864,8134,5.48,4.32,SAT,460,2752,9712,31.90,16.14,SAT,1,True
hf,hf_885,12,12,90,864,8140,5.15,4.22,SAT,450,2614,8894,29.75,16.49,SAT,1,True
hf,hf_886,12,12,87,864,8154,5.14,4.05,SAT,435,2489,8309,29.05,8.69,SAT,1,True
hf,hf_887,12,12,89,864,8135,5.15,4.10,SAT,445,2571,8681,29.79,9.22,SAT,1,True
hf,hf_888,12,12,89,864,8147,5.13,4.06,SAT,445,2595,8827,30.06,17.85,SAT,1,True
hf,hf_889,12,12,91,864,8134,5.43,4.05,SAT,455,2709,9487,33.80,9.94,SAT,1,True
hf,hf_890,12,12,90,864,8150,5.34,4.11,SAT,450,2632,9036,30.26,9.58,SAT,1,True
hf,hf_891,12,12,90,864,8157,5.28,4.06,SAT,450,2642,9072,30.67,9.29,SAT,1,True
hf,hf_892,12,12,84,864,8100,5.09,3.87,SAT,420,2323,7372,26.01,7.09,SAT,1,True
hf,hf_893,12,12,92,864,8127,5.29,4.12,SAT,460,2702,9342,31.87,8.59,SAT,1,True
hf,hf_894,12,12,91,864,8127,5.23,4.74,SAT,455,2670,9184,31.25,40.26,SAT,1,True
hf,hf_895,12,12,91,864,8127,5.32,4.37,SAT,455,2698,9383,31.85,17.25,SAT,1,True
hf,hf_896,12,12,90,864,8129,5.29,4.20,SAT,450,2645,9110,30.68,14.32,SAT,1,True
hf,hf_897,12,12,83,864,8117,5.35,3.89,SAT,415,2256,6956,25.78,6.66,SAT,1,True
hf,hf_898,12,12,84,864,8151,5.12,3.94,SAT,420,2362,7746,28.02,21.68,SAT,1,True
hf,hf_899,12,12,85,864,8080,5.22,4.03,SAT,425,2329,7377,27.63,12.60,SAT,1,True
hf,hf_900,12,12,80,864,8178,5.51,4.15,SAT,400,2250,7502,26.42,8.27,SAT,1,True
hf,hf_901,12,12,82,864,8127,5.19,4.14,SAT,410,2247,7222,26.12,9.86,SAT,1,True
hf,hf_902,12,12,87,864,8110,5.27,4.00,SAT,435,2448,8009,27.91,8.52,SAT,1,True
hf,hf_903,12,12,87,864,8136,5.13,4.40,SAT,435,2541,8580,29.61,8.13,SAT,1,True
hf,hf_904,12,12,86,864,8135,5.11,4.18,SAT,430,2402,7990,28.67,13.15,SAT,1,True
hf,hf_905,12,12,86,864,8145,5.17,4.09,SAT,430,2402,7890,28.13,9.53,SAT,1,True
hf,hf_906,12,12,86,864,8149,5.28,4.23,SAT,430,2476,8366,29.98,27.10,SAT,1,True
hf,hf_907,12,12,83,864,8144,5.28,4.16,SAT,415,2342,7673,26.97,17.38,SAT,1,True
hf,hf_908,12,12,80,864,8151,5.35,4.07,SAT,400,2240,7316,26.00,7.42,SAT,1,True
hf,hf_909,12,12,86,864,8166,5.73,4.06,SAT,430,2440,8125,28.59,7.24,SAT,1,True
hf,hf_910,12,12,93,864,8113,5.52,4.54,SAT,465,2752,9601,32.88,12.44,SAT,1,True
hf,hf_911,12,12,76,864,8114,5.46,3.95,SAT,380,1923,5740,22.95,8.77,SAT,1,True
hf,hf_912,12,12,86,864,8132,5.13,4.33,SAT,430,2442,8132,28.87,12.58,SAT,1,True
hf,hf_913,12,12,90,864,8143,5.53,4.32,SAT,450,2623,8968,31.06,8.87,SAT,1,True
hf,hf_914,12,12,76,864,8118,5.29,3.99,SAT,380,2022,6134,24.33,6.67,SAT,1,True
hf,hf_915,12,12,80,864,8147,5.10,4.24,SAT,400,2338,8256,26.62,7.65,SAT,1,True
hf,hf_916,12,12,82,864,8224,5.72,4.03,SAT,410,2306,7438,27.29,6.37,SAT,1,True
hf,hf_917,12,12,86,864,8168,5.61,4.44,SAT,430,2420,8105,27.73,17.98,SAT,1,True
hf,hf_918,12,12,92,864,8116,5.08,4.15,SAT,460,2667,9110,32.01,10.66,SAT,1,True
hf,hf_919,12,12,88,864,8170,5.29,3.98,SAT,440,2526,8550,29.59,22.16,SAT,1,True
hf,hf_920,12,12,80,864,8161,5.15,3.96,SAT,400,2260,7648,26.66,6.92,SAT,1,True
hf,hf_921,12,12,87,864,8155,5.36,4.41,SAT,435,2539,8677,29.57,23.07,SAT,1,True
hf,hf_922,12,12,92,864,8134,5.46,4.14,SAT,460,2770,9824,33.02,27.35,SAT,1,True
hf,hf_923,12,12,89,864,8133,5.28,4.04,SAT,445,2575,8757,30.02,13.46,SAT,1,True
hf,hf_924,12,12,90,864,8120,5.09,4.09,SAT,450,2654,9139,31.10,8.19,SAT,1,True
hf,hf_925,12,12,86,864,8167,5.30,4.09,SAT,430,2447,8112,28.55,7.82,SAT,1,True
hf,hf_926,12,12,82,864,8087,5.16,4.02,SAT,410,2241,6873,25.82,8.88,SAT,1,True
hf,hf_927,12,12,91,864,8119,5.12,4.43,SAT,455,2629,8921,32.56,29.24,SAT,1,True
hf,hf_928,12,12,88,864,8159,5.14,4.01,SAT,440,2526,8410,29.31,8.01,SAT,1,True
hf,hf_929,12,12,90,864,8140,5.19,4.09,SAT,450,2608,8868,30.64,54.83,SAT,1,True
hf,hf_930,12,12,93,864,8130,5.39,4.34,SAT,465,2740,9549,33.35,66.02,SAT,1,True
hf,hf_931,12,12,89,864,8118,6.12,4.73,SAT,445,2575,8691,37.24,9.52,SAT,1,True
hf,hf_932,12,12,91,864,8144,5.63,4.20,SAT,455,2654,9093,31.19,13.72,SAT,1,True
hf,hf_933,12,12,84,864,8124,5.67,4.20,SAT,420,2346,7590,28.90,8.19,SAT,1,True
hf,hf_934,12,12,88,864,8163,5.26,4.43,SAT,440,2562,8631,30.34,9.40,SAT,1,True
hf,hf_935,12,12,86,864,8156,5.21,4.10,SAT,430,2443,8088,29.53,7.43,SAT,1,True
hf,hf_936,12,12,89,864,8134,5.45,4.24,SAT,445,2600,8920,31.38,9.10,SAT,1,True
hf,hf_937,12,12,86,864,8162,5.43,4.27,SAT,430,2488,8488,31.49,8.78,SAT,1,True
hf,hf_938,12,12,92,864,8117,5.72,4.82,SAT,460,2746,9668,39.33,32.90,SAT,1,True
hf,hf_939,12,12,82,864,8140,5.50,4.34,SAT,410,2284,7419,27.38,11.55,SAT,1,True
hf,hf_940,12,12,82,864,8167,5.77,4.28,SAT,410,2284,7568,27.33,8.97,SAT,1,True
hf,hf_941,12,12,84,864,8122,5.37,4.24,SAT,420,2290,7340,27.26,8.58,SAT,1,True
hf,hf_942,12,12,84,864,8131,5.59,4.16,SAT,420,2340,7550,27.27,19.61,SAT,1,True
hf,hf_943,12,12,89,864,8157,5.37,4.37,SAT,445,2580,8787,31.38,27.64,SAT,1,True
hf,hf_944,12,12,90,864,8141,5.76,4.35,SAT,450,2624,9038,32.79,9.38,SAT,1,True
hf,hf_945,12,12,87,864,8151,5.79,4.17,SAT,435,2497,8369,30.04,7.55,SAT,1,True
hf,hf_946,12,12,90,864,8148,6.03,4.86,SAT,450,2626,8976,32.63,38.72,SAT,1,True
hf,hf_947,12,12,89,864,8152,5.86,5.41,SAT,445,2588,8787,38.55,77.25,SAT,1,True
hf,hf_948,12,12,87,864,8128,6.01,5.00,SAT,435,2476,8173,35.21,25.48,SAT,1,True
hf,hf_949,12,12,90,864,8139,5.86,4.92,SAT,450,2605,8877,36.57,35.72,SAT,1,True
hf,hf_950,12,12,87,864,8146,6.13,5.20,SAT,435,2497,8331,33.54,11.66,SAT,1,True
hf,hf_951,12,12,89,864,8154,5.70,4.66,SAT,445,2539,8495,31.06,17.46,SAT,1,True
hf,hf_952,12,12,88,864,8148,5.88,4.78,SAT,440,2543,8629,37.45,41.06,SAT,1,True
hf,hf_953,12,12,87,864,8096,6.21,5.97,SAT,435,2433,7877,39.42,21.31,SAT,1,True
hf,hf_954,12,12,95,864,8110,6.23,4.74,SAT,475,2836,10015,37.68,13.21,SAT,1,True
hf,hf_955,12,12,88,864,8158,5.54,4.30,SAT,440,2514,8365,31.21,7.43,SAT,1,True
hf,hf_956,12,12,91,864,8129,5.43,4.14,SAT,455,2611,8777,31.45,43.42,SAT,1,True
hf,hf_957,12,12,84,864,8158,5.20,4.15,SAT,420,2279,7349,26.39,7.45,SAT,1,True
hf,hf_958,12,12,89,864,8132,5.36,4.23,SAT,445,2562,8669,30.50,34.12,SAT,1,True
hf,hf_959,12,12,88,864,8167,5.23,4.39,SAT,440,2544,8772,31.05,11.99,SAT,1,True
hf,hf_960,12,12,84,864,8137,5.33,4.03,SAT,420,2342,7605,27.21,9.36,SAT,1,True
hf,hf_961,12,12,91,864,8129,5.60,4.15,SAT,455,2662,9137,31.82,10.10,SAT,1,True
hf,hf_962,12,12,91,864,8132,5.28,4.29,SAT,455,2632,8953,30.90,28.28,SAT,1,True
hf,hf_963,12,12,88,864,8152,5.44,4.12,SAT,440,2576,8824,30.43,32.77,SAT,1,True
hf,hf_964,12,12,85,864,8140,5.61,4.06,SAT,425,2402,7918,28.25,11.57,SAT,1,True
hf,hf_965,12,12,93,864,8108,5.12,4.39,SAT,465,2749,9595,32.72,52.40,SAT,1,True
hf,hf_966,12,12,85,864,8146,5.74,4.03,SAT,425,2444,8179,29.83,6.88,SAT,1,True
hf,hf_967,12,12,88,864,8138,5.38,4.28,SAT,440,2506,8267,29.87,22.62,SAT,1,True
hf,hf_968,12,12,82,864,8113,5.42,4.01,SAT,410,2239,6969,25.95,6.84,SAT,1,True
hf,hf_969,12,12,86,864,8139,5.20,4.03,SAT,430,2412,7864,27.74,7.65,SAT,1,True
hf,hf_970,12,12,89,864,8144,5.13,4.03,SAT,445,2564,8631,30.10,37.55,SAT,1,True
hf,hf_971,12,12,88,864,8148,5.15,4.08,SAT,440,2516,8360,31.70,21.20,SAT,1,True
hf,hf_972,12,12,93,864,8129,5.38,4.57,SAT,465,2726,9489,34.42,57.10,SAT,1,True
hf,hf_973,12,12,90,864,8138,5.40,4.64,SAT,450,2642,9084,32.15,60.83,SAT,1,True
hf,hf_974,12,12,86,864,8150,5.75,4.54,SAT,430,2492,8298,31.34,10.73,SAT,1,True
hf,hf_975,12,12,85,864,8123,5.53,4.44,SAT,425,2423,8006,31.41,12.82,SAT,1,True
hf,hf_976,12,12,87,864,8125,5.22,4.52,SAT,435,2424,7844,29.84,9.36,SAT,1,True
hf,hf_977,12,12,92,864,8138,6.58,4.62,SAT,460,2708,9384,38.47,72.88,SAT,1,True
hf,hf_978,12,12,82,864,8121,6.19,4.64,SAT,410,2268,7226,30.79,9.04,SAT,1,True
hf,hf_979,12,12,84,864,8171,6.29,5.34,SAT,420,2338,7643,32.21,9.97,SAT,1,True
hf,hf_980,12,12,91,864,8134,8.39,5.21,SAT,455,2655,9086,43.26,16.93,SAT,1,True
hf,hf_981,12,12,84,864,8120,6.13,5.59,SAT,420,2303,7422,31.65,10.38,SAT,1,True
hf,hf_982,12,12,90,864,8145,6.08,4.84,SAT,450,2612,8884,34.68,10.46,SAT,1,True
hf,hf_983,12,12,92,864,8127,5.67,4.85,SAT,460,2701,9362,32.87,31.88,SAT,1,True
hf,hf_984,12,12,80,864,8200,5.58,4.75,SAT,400,2254,7452,36.50,6.37,SAT,1,True
hf,hf_985,12,12,88,864,8110,5.30,4.09,SAT,440,2539,8517,30.33,8.42,SAT,1,True
hf,hf_986,12,12,86,864,8146,5.27,4.05,SAT,430,2411,7794,28.68,12.08,SAT,1,True
hf,hf_987,12,12,87,864,8155,5.32,4.08,SAT,435,2485,8323,28.85,29.09,SAT,1,True
hf,hf_988,12,12,88,864,8115,5.65,4.41,SAT,440,2517,8546,32.31,52.73,SAT,1,True
hf,hf_989,12,12,91,864,8134,5.68,4.50,SAT,455,2675,9223,33.25,19.04,SAT,1,True
hf,hf_990,12,12,91,864,8142,6.18,4.65,SAT,455,2678,9239,32.78,23.73,SAT,1,True
hf,hf_991,12,12,86,864,8136,5.60,4.43,SAT,430,2445,8200,31.27,19.41,SAT,1,True
hf,hf_992,12,12,90,864,8130,5.45,4.68,SAT,450,2617,8881,33.46,9.19,SAT,1,True
hf,hf_993,12,12,90,864,8116,5.32,4.57,SAT,450,2639,9171,31.36,8.11,SAT,1,True
hf,hf_994,12,12,84,864,8123,5.90,4.61,SAT,420,2287,7379,27.95,12.03,SAT,1,True
hf,hf_995,12,12,87,864,8080,5.06,4.26,SAT,435,2441,7931,28.36,8.46,SAT,1,True
hf,hf_996,12,12,91,864,8143,5.62,5.08,SAT,455,2656,9115,34.27,10.52,SAT,1,True
hf,hf_997,12,12,83,864,8122,5.96,5.04,SAT,415,2319,7547,29.07,8.68,SAT,1,True
hf,hf_998,12,12,88,864,8135,5.32,4.51,SAT,440,2531,8502,31.20,8.89,SAT,1,True
hf,hf_999,12,12,89,864,8118,5.83,4.79,SAT,445,2575,8688,31.80,34.94,SAT,1,True
hf,hf_1000,12,12,86,864,8124,6.29,5.11,SAT,430,2460,8348,39.13,16.81,SAT,1,True
hf,hf_1001,12,12,68,864,8149,5.69,4.43,SAT,340,1650,4850,21.34,7.03,SAT,1,True
hf,hf_1002,12,12,87,864,8129,5.29,4.29,SAT,435,2487,8247,29.78,11.17,SAT,1,True
hf,hf_1003,12,12,70,864,8087,6.43,5.30,SAT,350,1667,4550,24.10,5.65,SAT,1,True
hf,hf_1004,12,12,75,864,8139,5.70,4.17,SAT,375,1928,5837,24.88,6.43,SAT,1,True
hf,hf_1005,12,12,87,864,8129,5.46,4.57,SAT,435,2517,8450,31.57,9.21,SAT,1,True
hf,hf_1006,12,12,88,864,8155,5.67,4.25,SAT,440,2550,8595,30.65,23.14,SAT,1,True
hf,hf_1007,12,12,72,864,8156,5.58,4.44,SAT,360,1815,5294,23.39,5.52,SAT,1,True
hf,hf_1008,12,12,94,864,8100,5.09,4.15,SAT,470,2809,9950,33.63,8.71,SAT,1,True
hf,hf_1009,12,12,86,864,8126,5.19,3.97,SAT,430,2368,7680,28.15,6.43,SAT,1,True
hf,hf_1010,12,12,90,864,8160,5.33,4.20,SAT,450,2570,8586,30.21,37.74,SAT,1,True
hf,hf_1011,12,12,86,864,8161,5.53,4.02,SAT,430,2471,8318,30.07,20.69,SAT,1,True
hf,hf_1012,12,12,90,864,8117,5.47,4.47,SAT,450,2623,8964,31.82,17.35,SAT,1,True
hf,hf_1013,12,12,92,864,8138,5.45,4.43,SAT,460,2692,9258,33.32,50.16,SAT,1,True
hf,hf_1014,12,12,90,864,8150,6.32,5.12,SAT,450,2612,8914,32.77,10.38,SAT,1,True
hf,hf_1015,12,12,93,864,8116,5.10,4.13,SAT,465,2720,9365,32.85,59.38,SAT,1,True
hf,hf_1016,12,12,90,864,8134,5.59,4.28,SAT,450,2629,8991,30.45,53.90,SAT,1,True
hf,hf_1017,12,12,86,864,8138,5.24,4.01,SAT,430,2408,7792,28.12,13.82,SAT,1,True
hf,hf_1018,12,12,91,864,8122,5.24,4.12,SAT,455,2687,9319,33.33,36.20,SAT,1,True
hf,hf_1019,12,12,88,864,8133,5.21,4.03,SAT,440,2501,8256,28.58,30.52,SAT,1,True
hf,hf_1020,12,12,81,864,8152,5.44,4.37,SAT,405,2196,6980,24.91,8.91,SAT,1,True
hf,hf_1021,12,12,92,864,8123,5.20,4.28,SAT,460,2692,9244,31.58,34.12,SAT,1,True
hf,hf_1022,12,12,92,864,8120,5.35,5.20,SAT,460,2706,9364,37.35,24.33,SAT,1,True
hf,hf_1023,12,12,86,864,8116,5.41,4.34,SAT,430,2379,7841,28.99,7.57,SAT,1,True
hf,hf_1024,12,12,90,864,8113,5.52,4.39,SAT,450,2584,8666,32.41,51.89,SAT,1,True
hf,hf_1025,12,12,89,864,8155,5.51,4.45,SAT,445,2541,8537,31.04,47.66,SAT,1,True
hf,hf_1026,12,12,88,864,8144,5.57,4.21,SAT,440,2544,8587,29.57,6.48,SAT,1,True
hf,hf_1027,12,12,82,864,8169,5.23,3.99,SAT,410,2287,7474,26.77,6.90,SAT,1,True
hf,hf_1028,12,12,72,864,8096,5.33,3.84,SAT,360,1854,5449,21.50,5.02,SAT,1,True
hf,hf_1029,12,12,80,864,8102,5.68,4.16,SAT,400,2221,6864,25.39,5.93,SAT,1,True
hf,hf_1030,12,12,89,864,8141,5.29,4.26,SAT,445,2558,8547,31.41,10.20,SAT,1,True
hf,hf_1031,12,12,84,864,8129,5.75,4.70,SAT,420,2321,7442,30.12,8.82,SAT,1,True
hf,hf_1032,12,12,87,864,8135,5.91,4.90,SAT,435,2483,8271,35.12,14.44,SAT,1,True
hf,hf_1033,12,12,87,864,8133,5.74,4.66,SAT,435,2458,8132,30.91,7.62,SAT,1,True
hf,hf_1034,12,12,93,864,8128,5.14,4.27,SAT,465,2742,9545,33.15,11.41,SAT,1,True
hf,hf_1035,12,12,83,864,8163,5.44,4.24,SAT,415,2316,7519,26.77,7.57,SAT,1,True
hf,hf_1036,12,12,87,864,8106,5.15,4.00,SAT,435,2444,7962,29.46,11.65,SAT,1,True
hf,hf_1037,12,12,94,864,8110,5.29,4.54,SAT,470,2775,9664,32.78,10.57,SAT,1,True
hf,hf_1038,12,12,87,864,8147,5.24,4.01,SAT,435,2482,8363,29.18,13.96,SAT,1,True
hf,hf_1039,12,12,92,864,8134,5.09,4.14,SAT,460,2706,9348,31.77,31.09,SAT,1,True
hf,hf_1040,12,12,90,864,8138,5.20,4.05,SAT,450,2635,9017,30.66,8.90,SAT,1,True
hf,hf_1041,12,12,93,864,8110,5.19,4.08,SAT,465,2738,9477,33.07,44.74,SAT,1,True
hf,hf_1042,12,12,89,864,8114,5.23,4.05,SAT,445,2514,8340,30.41,9.23,SAT,1,True
hf,hf_1043,12,12,92,864,8128,5.31,4.06,SAT,460,2708,9344,31.02,37.86,SAT,1,True
hf,hf_1044,12,12,88,864,8080,5.67,4.37,SAT,440,2446,7886,28.50,7.61,SAT,1,True
hf,hf_1045,12,12,80,864,8142,5.38,3.96,SAT,400,2090,6524,24.02,6.05,SAT,1,True
hf,hf_1046,12,12,88,864,8165,5.21,4.85,SAT,440,2542,8512,29.77,8.26,SAT,1,True
hf,hf_1047,12,12,90,864,8120,5.77,4.20,SAT,450,2647,9128,31.39,13.47,SAT,1,True
hf,hf_1048,12,12,87,864,8163,5.28,4.07,SAT,435,2510,8539,29.35,8.23,SAT,1,True
hf,hf_1049,12,12,90,864,8125,5.18,4.11,SAT,450,2615,8897,31.31,13.08,SAT,1,True
hf,hf_1050,12,12,89,864,8132,5.24,4.27,SAT,445,2605,8876,30.44,8.40,SAT,1,True
hf,hf_1051,12,12,80,864,8109,5.18,3.95,SAT,400,2096,6512,24.58,10.52,SAT,1,True
hf,hf_1052,12,12,77,864,8080,4.97,3.82,SAT,385,2007,5936,23.46,5.60,SAT,1,True
hf,hf_1053,12,12,92,864,8115,5.10,3.96,SAT,460,2706,9340,31.85,8.85,SAT,1,True
hf,hf_1054,12,12,88,864,8146,5.21,4.08,SAT,440,2528,8426,29.82,6.81,SAT,1,True
hf,hf_1055,12,12,89,864,8142,5.09,4.55,SAT,445,2547,8481,30.09,47.94,SAT,1,True
hf,hf_1056,12,12,91,864,8145,5.24,4.10,SAT,455,2656,9076,31.09,46.29,SAT,1,True
hf,hf_1057,12,12,87,864,8096,5.01,4.32,SAT,435,2443,7903,28.82,34.82,SAT,1,True
hf,hf_1058,12,12,85,864,8131,5.34,4.11,SAT,425,2474,8370,28.67,9.33,SAT,1,True
hf,hf_1059,12,12,93,864,8123,5.27,4.22,SAT,465,2748,9553,32.84,9.37,SAT,1,True
hf,hf_1060,12,12,88,864,8124,5.14,4.01,SAT,440,2554,8594,29.96,10.58,SAT,1,True
hf,hf_1061,12,12,94,864,8110,5.25,4.17,SAT,470,2767,9615,32.26,43.60,SAT,1,True
hf,hf_1062,12,12,86,864,8135,5.13,4.17,SAT,430,2430,7948,28.98,9.74,SAT,1,True
hf,hf_1063,12,12,91,864,8130,5.16,4.13,SAT,455,2677,9214,32.20,24.46,SAT,1,True
hf,hf_1064,12,12,96,864,8104,5.07,4.21,SAT,480,2904,10390,37.42,12.53,SAT,1,True
hf,hf_1065,12,12,84,864,8190,5.42,4.17,SAT,420,2373,7975,28.58,15.98,SAT,1,True
hf,hf_1066,12,12,74,864,8130,5.04,3.97,SAT,370,1822,5363,21.74,5.38,SAT,1,True
hf,hf_1067,12,12,80,864,8128,5.27,4.26,SAT,400,2102,6432,29.64,9.53,SAT,1,True
hf,hf_1068,12,12,88,864,8121,5.22,3.95,SAT,440,2489,8328,28.90,15.24,SAT,1,True
hf,hf_1069,12,12,93,864,8099,4.99,4.33,SAT,465,2747,9569,33.59,9.93,SAT,1,True
hf,hf_1070,12,12,84,864,8208,5.52,4.01,SAT,420,2298,7164,26.20,6.41,SAT,1,True
hf,hf_1071,12,12,93,864,8108,5.15,4.49,SAT,465,2724,9393,33.03,20.81,SAT,1,True
hf,hf_1072,12,12,93,864,8121,5.34,4.16,SAT,465,2733,9469,31.90,13.00,SAT,1,True
hf,hf_1073,12,12,92,864,8126,5.29,4.23,SAT,460,2735,9545,32.42,12.04,SAT,1,True
hf,hf_1074,12,12,92,864,8114,5.25,4.19,SAT,460,2712,9394,32.39,29.66,SAT,1,True
hf,hf_1075,12,12,89,864,8143,5.51,4.24,SAT,445,2531,8545,29.14,7.98,SAT,1,True
hf,hf_1076,12,12,82,864,8080,5.08,4.20,SAT,410,2242,7141,26.54,6.45,SAT,1,True
hf,hf_1077,12,12,90,864,8125,5.05,4.11,SAT,450,2564,8614,30.09,42.51,SAT,1,True
hf,hf_1078,12,12,79,864,8102,5.09,3.94,SAT,395,2129,6926,24.74,22.05,SAT,1,True
hf,hf_1079,12,12,90,864,8142,5.46,4.28,SAT,450,2586,8687,30.01,22.97,SAT,1,True
hf,hf_1080,12,12,83,864,8117,5.19,3.99,SAT,415,2217,7029,25.85,6.64,SAT,1,True
hf,hf_1081,12,12,89,864,8100,5.08,4.05,SAT,445,2575,8651,29.66,7.78,SAT,1,True
hf,hf_1082,12,12,87,864,8147,5.54,4.11,SAT,435,2517,8519,29.13,7.97,SAT,1,True
hf,hf_1083,12,12,84,864,8192,5.88,4.61,SAT,420,2340,7758,29.16,8.38,SAT,1,True
hf,hf_1084,12,12,86,864,8178,5.38,4.01,SAT,430,2364,7454,27.01,7.64,SAT,1,True
hf,hf_1085,12,12,80,864,8118,5.41,4.18,SAT,400,2232,7359,25.88,12.68,SAT,1,True
hf,hf_1086,12,12,76,864,8130,5.28,3.93,SAT,380,1929,5816,22.08,10.45,SAT,1,True
hf,hf_1087,12,12,88,864,8098,5.06,3.96,SAT,440,2423,7724,28.37,6.44,SAT,1,True
hf,hf_1088,12,12,88,864,8103,5.04,4.11,SAT,440,2407,7588,27.83,6.43,SAT,1,True
hf,hf_1089,12,12,89,864,8156,5.17,4.30,SAT,445,2556,8567,30.07,13.41,SAT,1,True
hf,hf_1090,12,12,80,864,8172,5.49,4.03,SAT,400,2143,6864,25.18,21.39,SAT,1,True
hf,hf_1091,12,12,83,864,8135,5.14,3.98,SAT,415,2251,7178,26.38,7.15,SAT,1,True
hf,hf_1092,12,12,72,864,8163,5.16,3.92,SAT,360,1809,5556,20.47,5.12,SAT,1,True
hf,hf_1093,12,12,89,864,8138,5.71,4.15,SAT,445,2581,8701,29.66,19.76,SAT,1,True
hf,hf_1094,12,12,87,864,8140,5.61,4.41,SAT,435,2436,7893,28.73,20.60,SAT,1,True
hf,hf_1095,12,12,93,864,8129,5.30,4.30,SAT,465,2706,9289,31.73,14.54,SAT,1,True
hf,hf_1096,12,12,93,864,8131,5.44,4.29,SAT,465,2748,9575,32.43,48.97,SAT,1,True
hf,hf_1097,12,12,88,864,8143,5.19,4.10,SAT,440,2479,8214,29.21,43.77,SAT,1,True
hf,hf_1098,12,12,87,864,8168,5.35,4.07,SAT,435,2379,7609,27.35,17.25,SAT,1,True
hf,hf_1099,12,12,70,864,8126,5.27,3.88,SAT,350,1723,5075,20.38,9.53,SAT,1,True
hf,hf_1100,12,12,80,864,8142,5.14,3.90,SAT,400,2039,6150,23.42,6.35,SAT,1,True
hf,hf_1101,12,12,86,864,8121,5.79,4.15,SAT,430,2354,7400,26.74,7.30,SAT,1,True
hf,hf_1102,12,12,88,864,8110,5.32,4.00,SAT,440,2460,8216,28.90,17.33,SAT,1,True
hf,hf_1103,12,12,87,864,8133,5.25,4.14,SAT,435,2462,8106,28.78,32.37,SAT,1,True
hf,hf_1104,12,12,89,864,8080,5.06,4.11,SAT,445,2469,7967,28.14,7.81,SAT,1,True
hf,hf_1105,12,12,90,864,8121,5.66,4.08,SAT,450,2611,8822,31.02,7.68,SAT,1,True
hf,hf_1106,12,12,88,864,8164,5.22,3.96,SAT,440,2450,7920,28.57,9.85,SAT,1,True
hf,hf_1107,12,12,84,864,8118,5.83,4.10,SAT,420,2287,7424,26.03,9.07,SAT,1,True
hf,hf_1108,12,12,88,864,8116,5.10,3.96,SAT,440,2443,7986,28.66,32.06,SAT,1,True
hf,hf_1109,12,12,90,864,8080,5.06,3.91,SAT,450,2514,8198,28.82,7.97,SAT,1,True
hf,hf_1110,12,12,94,864,8121,5.17,4.11,SAT,470,2792,9781,32.85,9.50,SAT,1,True
hf,hf_1111,12,12,90,864,8114,5.13,4.02,SAT,450,2612,8876,30.98,8.39,SAT,1,True
hf,hf_1112,12,12,90,864,8137,5.62,4.19,SAT,450,2586,8710,30.28,38.71,SAT,1,True
hf,hf_1113,12,12,90,864,8129,5.18,4.11,SAT,450,2658,9148,31.10,9.84,SAT,1,True
hf,hf_1114,12,12,92,864,8134,5.25,4.11,SAT,460,2704,9330,31.31,22.24,SAT,1,True
hf,hf_1115,12,12,84,864,8124,5.28,4.61,SAT,420,2263,7253,27.07,15.48,SAT,1,True
hf,hf_1116,12,12,94,864,8116,5.28,4.31,SAT,470,2785,9758,33.00,66.03,SAT,1,True
hf,hf_1117,12,12,92,864,8121,5.58,4.19,SAT,460,2642,8936,30.38,45.43,SAT,1,True
hf,hf_1118,12,12,90,864,8136,5.27,3.93,SAT,450,2620,8912,30.14,40.99,SAT,1,True
hf,hf_1119,12,12,90,864,8152,5.34,4.13,SAT,450,2614,8912,30.74,15.86,SAT,1,True
hf,hf_1120,12,12,90,864,8149,5.26,4.23,SAT,450,2605,8912,30.26,56.33,SAT,1,True
hf,hf_1121,12,12,89,864,8144,5.15,3.97,SAT,445,2618,8907,30.64,7.64,SAT,1,True
hf,hf_1122,12,12,79,864,8146,5.21,4.18,SAT,395,2135,6922,25.25,6.94,SAT,1,True
hf,hf_1123,12,12,81,864,8124,5.25,4.31,SAT,405,2126,6656,25.06,7.47,SAT,1,True
hf,hf_1124,12,12,85,864,8146,5.45,4.17,SAT,425,2363,7596,28.40,7.10,SAT,1,True
hf,hf_1125,12,12,89,864,8110,5.19,4.19,SAT,445,2559,8605,31.57,10.56,SAT,1,True
hf,hf_1126,12,12,94,864,8119,5.21,4.16,SAT,470,2762,9606,33.27,19.83,SAT,1,True
hf,hf_1127,12,12,90,864,8115,5.28,4.38,SAT,450,2571,8599,30.55,16.08,SAT,1,True
hf,hf_1128,12,12,90,864,8134,5.39,4.38,SAT,450,2603,8807,31.20,10.61,SAT,1,True
hf,hf_1129,12,12,91,864,8132,5.26,4.21,SAT,455,2593,8662,30.74,35.00,SAT,1,True
hf,hf_1130,12,12,90,864,8133,5.24,4.06,SAT,450,2600,8806,30.60,14.38,SAT,1,True
hf,hf_1131,12,12,92,864,8095,6.13,4.64,SAT,460,2695,9288,33.03,17.35,SAT,1,True
hf,hf_1132,12,12,87,864,8131,5.34,4.31,SAT,435,2463,8255,29.80,9.88,SAT,1,True
hf,hf_1133,12,12,92,864,8130,5.68,4.80,SAT,460,2671,9134,32.16,41.36,SAT,1,True
hf,hf_1134,12,12,92,864,8134,5.94,4.27,SAT,460,2706,9372,32.19,32.52,SAT,1,True
hf,hf_1135,12,12,88,864,8126,5.24,4.67,SAT,440,2467,8131,30.92,8.56,SAT,1,True
hf,hf_1136,12,12,92,864,8096,6.16,5.41,SAT,460,2672,9152,36.57,51.89,SAT,1,True
hf,hf_1137,12,12,84,864,8131,6.00,4.56,SAT,420,2274,7288,32.99,8.65,SAT,1,True
hf,hf_1138,12,12,91,864,8146,7.45,5.20,SAT,455,2626,8901,37.62,49.35,SAT,1,True
hf,hf_1139,12,12,90,864,8128,6.10,5.37,SAT,450,2532,8326,36.30,34.71,SAT,1,True
hf,hf_1140,12,12,91,864,8126,6.54,5.18,SAT,455,2658,9133,34.76,34.54,SAT,1,True
hf,hf_1141,12,12,88,864,8136,8.07,5.61,SAT,440,2516,8392,35.11,33.20,SAT,1,True
hf,hf_1142,12,12,90,864,8148,6.60,5.30,SAT,450,2612,8847,42.61,14.57,SAT,1,True
hf,hf_1143,12,12,92,864,8128,6.11,4.75,SAT,460,2713,9400,38.00,12.61,SAT,1,True
hf,hf_1144,12,12,91,864,8129,6.91,5.53,SAT,455,2672,9190,46.71,10.96,SAT,1,True
hf,hf_1145,5,12,26,360,3181,2.30,1.99,SAT,130,538,1525,8.32,2.40,SAT,1,True
hf,hf_1146,12,12,90,864,8113,5.53,4.84,SAT,450,2629,9008,35.81,20.40,SAT,1,True
hf,hf_1147,12,12,93,864,8114,5.70,4.56,SAT,465,2741,9509,41.19,11.52,SAT,1,True
hf,hf_1148,12,12,93,864,8113,5.91,4.45,SAT,465,2751,9557,38.50,26.61,SAT,1,True
hf,hf_1149,12,12,90,864,8125,5.41,4.31,SAT,450,2638,9056,32.16,9.50,SAT,1,True
hf,hf_1150,12,12,92,864,8116,5.94,4.39,SAT,460,2693,9262,32.04,12.91,SAT,1,True
hf,hf_1151,12,12,90,864,8132,5.21,4.22,SAT,450,2608,8857,30.81,27.90,SAT,1,True
hf,hf_1152,12,12,83,864,8148,5.29,3.95,SAT,415,2226,7189,26.17,6.27,SAT,1,True
hf,hf_1153,7,12,28,504,4605,3.17,2.37,SAT,140,613,1726,7.33,3.51,SAT,1,True
hf,hf_1154,12,12,88,864,8156,5.54,3.94,SAT,440,2438,8004,29.04,6.74,SAT,1,True
hf,hf_1155,12,12,90,864,8126,5.32,4.44,SAT,450,2628,8973,31.00,8.99,SAT,1,True
hf,hf_1156,13,13,27,1014,9575,6.32,4.44,SAT,135,607,1753,10.36,2.83,SAT,1,True
hf,hf_1157,12,12,90,864,8111,5.99,5.03,SAT,450,2593,8759,33.14,9.43,SAT,1,True
hf,hf_1158,12,12,92,864,8120,7.02,4.99,SAT,460,2708,9367,39.00,30.29,SAT,1,True
hf,hf_1159,12,12,92,864,8127,5.42,4.57,SAT,460,2699,9316,33.19,34.52,SAT,1,True
hf,hf_1160,12,12,92,864,8127,5.93,5.12,SAT,460,2707,9349,34.14,48.43,SAT,1,True
hf,hf_1161,12,12,90,864,8135,5.36,4.13,SAT,450,2586,8692,31.21,22.75,SAT,1,True
hf,hf_1162,12,12,90,864,8102,5.35,5.24,SAT,450,2536,8358,31.58,10.50,SAT,1,True
hf,hf_1163,12,12,90,864,8140,5.20,4.18,SAT,450,2605,8892,30.93,8.62,SAT,1,True
hf,hf_1164,12,12,93,864,8117,5.21,4.08,SAT,465,2718,9371,32.63,72.18,SAT,1,True
hf,hf_1165,12,12,90,864,8125,5.36,4.13,SAT,450,2606,8912,31.55,8.05,SAT,1,True
hf,hf_1166,12,12,93,864,8117,5.41,4.13,SAT,465,2729,9421,32.55,42.29,SAT,1,True
hf,hf_1167,12,12,70,864,8111,5.20,3.95,SAT,350,1797,5588,21.29,5.36,SAT,1,True
hf,hf_1168,12,12,92,864,8112,5.35,4.02,SAT,460,2668,9104,33.27,7.31,SAT,1,True
hf,hf_1169,12,12,93,864,8129,5.44,4.49,SAT,465,2726,9418,35.11,55.49,SAT,1,True
hf,hf_1170,12,12,91,864,8127,5.61,4.52,SAT,455,2691,9313,32.64,9.12,SAT,1,True
hf,hf_1171,12,12,90,864,8140,5.25,4.21,SAT,450,2572,8564,30.92,11.30,SAT,1,True
hf,hf_1172,12,12,91,864,8115,5.33,4.15,SAT,455,2622,8849,32.60,8.44,SAT,1,True
hf,hf_1173,12,12,96,864,8105,5.38,4.40,SAT,480,2876,10222,34.39,28.89,SAT,1,True
hf,hf_1174,12,12,84,864,8135,5.92,4.54,SAT,420,2274,7254,28.71,9.31,SAT,1,True
hf,hf_1175,12,12,87,864,8158,5.49,4.42,SAT,435,2497,8381,31.46,9.05,SAT,1,True
hf,hf_1176,12,12,92,864,8122,5.18,4.41,SAT,460,2704,9360,33.19,23.35,SAT,1,True
hf,hf_1177,12,12,89,864,8156,5.63,4.11,SAT,445,2528,8531,30.89,31.25,SAT,1,True
hf,hf_1178,12,12,80,864,8193,5.43,4.23,SAT,400,2104,6704,25.56,7.90,SAT,1,True
hf,hf_1179,6,13,40,468,4220,2.75,2.37,SAT,200,906,2682,10.89,10.02,SAT,1,True
hf,hf_1180,12,12,89,864,8132,5.55,4.20,SAT,445,2586,8810,30.98,71.10,SAT,1,True
hf,hf_1181,12,12,89,864,8147,7.13,5.50,SAT,445,2576,8745,37.80,61.50,SAT,1,True
hf,hf_1182,12,12,86,864,8127,6.07,4.40,SAT,430,2440,8192,31.11,7.92,SAT,1,True
hf,hf_1183,12,12,87,864,8132,5.24,4.50,SAT,435,2405,7999,29.32,6.87,SAT,1,True
hf,hf_1184,12,12,95,864,8109,5.86,4.68,SAT,475,2797,9757,37.73,71.61,SAT,1,True
hf,hf_1185,12,12,96,864,8096,5.37,4.50,SAT,480,2860,10116,35.20,8.89,SAT,1,True
hf,hf_1186,12,12,92,864,8112,5.30,4.46,SAT,460,2668,9104,36.46,59.82,SAT,1,True
hf,hf_1187,12,12,93,864,8108,5.54,4.25,SAT,465,2712,9331,32.51,55.22,SAT,1,True
hf,hf_1188,12,12,95,864,8110,5.83,4.44,SAT,475,2806,9815,36.39,30.01,SAT,1,True
hf,hf_1189,12,12,90,864,8121,5.29,6.47,SAT,450,2604,8803,34.58,8.87,SAT,1,True
hf,hf_1190,11,12,67,792,7400,5.18,3.93,SAT,335,1606,4476,19.31,7.04,SAT,1,True
hf,hf_1191,12,12,94,864,8114,6.55,5.12,SAT,470,2755,9566,33.39,29.39,SAT,1,True
hf,hf_1192,12,12,88,864,8122,5.64,4.56,SAT,440,2500,8260,30.69,35.96,SAT,1,True
hf,hf_1193,12,12,90,864,8121,5.77,4.15,SAT,450,2604,8803,31.22,9.44,SAT,1,True
hf,hf_1194,12,12,86,864,8136,5.67,4.79,SAT,430,2349,7694,30.65,9.84,SAT,1,True
hf,hf_1195,12,12,87,864,8168,6.42,4.49,SAT,435,2494,8545,36.80,8.99,SAT,1,True
hf,hf_1196,12,12,91,864,8139,5.47,4.37,SAT,455,2623,8959,36.67,39.36,SAT,1,True
hf,hf_1197,12,12,94,864,8110,5.54,4.42,SAT,470,2783,9736,33.62,23.47,SAT,1,True
hf,hf_1198,12,12,91,864,8139,5.37,4.30,SAT,455,2623,8857,31.94,9.76,SAT,1,True
hf,hf_1199,12,12,88,864,8128,5.57,4.44,SAT,440,2432,8080,29.80,8.66,SAT,1,True
hf,hf_1200,13,13,73,1014,9545,6.29,4.62,SAT,365,1857,5392,22.08,5.14,SAT,1,True
hf,hf_1201,12,12,87,864,8131,6.31,4.30,SAT,435,2414,8036,28.31,9.56,SAT,1,True
hf,hf_1202,12,12,92,864,8115,5.14,4.08,SAT,460,2662,9038,31.39,24.11,SAT,1,True
hf,hf_1203,12,12,91,864,8114,5.29,4.14,SAT,455,2650,9085,30.59,27.52,SAT,1,True
hf,hf_1204,12,12,96,864,8096,5.24,4.12,SAT,480,2860,10116,33.94,8.79,SAT,1,True
hf,hf_1205,12,12,93,864,8112,5.09,4.15,SAT,465,2744,9540,32.06,22.31,SAT,1,True
hf,hf_1206,12,12,94,864,8100,5.13,4.16,SAT,470,2768,9616,32.13,14.89,SAT,1,True
hf,hf_1207,12,12,93,864,8131,5.73,4.60,SAT,465,2730,9445,31.21,34.28,SAT,1,True
hf,hf_1208,12,12,93,864,8122,5.13,4.34,SAT,465,2764,9701,34.05,23.59,SAT,1,True
hf,hf_1209,12,12,92,864,8108,5.87,4.20,SAT,460,2689,9234,32.60,8.59,SAT,1,True
hf,hf_1210,12,12,92,864,8132,5.17,4.20,SAT,460,2712,9433,32.76,9.95,SAT,1,True
hf,hf_1211,12,12,92,864,8122,5.22,4.20,SAT,460,2686,9228,32.84,20.25,SAT,1,True
hf,hf_1212,12,12,95,864,8110,5.22,4.27,SAT,475,2818,9901,33.49,10.80,SAT,1,True
hf,hf_1213,11,15,69,990,9305,6.05,4.61,SAT,345,1642,4297,19.09,4.54,SAT,1,True
hf,hf_1214,12,12,92,864,8128,5.36,4.76,SAT,460,2650,8966,32.51,11.06,SAT,1,True
hf,hf_1215,12,12,95,864,8106,5.67,4.81,SAT,475,2823,9953,34.68,16.93,SAT,1,True
hf,hf_1216,17,12,98,1224,11683,7.89,6.04,SAT,490,2608,8167,31.97,8.08,SAT,1,True
hf,hf_1217,12,12,92,864,8121,5.88,4.52,SAT,460,2682,9196,33.48,24.42,SAT,1,True
hf,hf_1218,13,13,82,1014,9612,6.72,5.25,SAT,410,2337,7853,29.36,37.01,SAT,1,True
hf,hf_1219,14,14,94,1176,11238,8.98,5.75,SAT,470,2444,7353,32.89,13.25,SAT,1,True
hf,hf_1220,12,12,95,864,8098,5.86,4.84,SAT,475,2816,9881,35.71,13.39,SAT,1,True
hf,hf_1221,12,12,95,864,8112,5.56,4.47,SAT,475,2816,9893,36.16,11.84,SAT,1,True
hf,hf_1222,12,12,95,864,8115,5.35,4.41,SAT,475,2828,9967,34.38,52.62,SAT,1,True
hf,hf_1223,11,14,73,924,8712,6.21,4.80,SAT,365,2039,6788,25.12,17.73,SAT,1,True
hf,hf_1224,12,12,93,864,8113,5.32,4.33,SAT,465,2716,9421,35.09,26.81,SAT,1,True
hf,hf_1225,10,15,77,900,8453,5.46,3.99,SAT,385,1876,5407,25.13,5.35,SAT,1,True
hf,hf_1226,13,13,114,1014,9575,6.74,5.89,SAT,570,3519,12678,45.25,17.01,SAT,1,True
hf,hf_1227,7,17,67,714,6604,4.30,3.52,SAT,335,1658,5095,19.21,6.35,SAT,1,True
hf,hf_1228,13,13,96,1014,9612,6.41,5.11,SAT,480,2857,9908,33.56,60.77,SAT,1,True
hf,hf_1229,13,13,115,1014,9575,6.51,5.44,SAT,575,3564,12905,45.88,76.57,SAT,1,True
hf,hf_1230,15,12,112,1080,10252,7.16,5.16,SAT,560,3315,11332,40.45,12.40,SAT,1,True
hf,hf_1231,18,12,133,1296,12418,8.68,6.54,SAT,665,4027,13869,48.28,12.91,SAT,1,True
hf,hf_1232,13,13,102,1014,9613,6.35,5.01,SAT,510,3063,10534,35.93,10.89,SAT,1,True
hf,hf_1233,13,13,116,1014,9575,6.30,5.13,SAT,580,3603,13096,44.37,66.36,SAT,1,True
hf,hf_1234,18,12,140,1296,12390,8.52,6.70,SAT,700,4452,16104,72.07,17.12,SAT,1,True
hf,hf_1235,18,12,124,1296,12445,15.32,7.25,SAT,620,3644,12389,43.97,28.07,SAT,1,True
hf,hf_1236,18,12,137,1296,12418,8.99,6.43,SAT,685,4197,14644,53.21,14.61,SAT,1,True
hf,hf_1237,13,13,113,1014,9575,7.54,5.77,SAT,565,3468,12389,45.62,62.52,SAT,1,True
hf,hf_1238,13,13,103,1014,9575,8.49,5.77,SAT,515,2972,9782,36.44,9.52,SAT,1,True
hf,hf_1239,13,13,108,1014,9594,6.66,5.23,SAT,540,3263,11388,39.78,11.72,SAT,1,True
hf,hf_1240,20,12,140,1440,13854,10.19,7.01,SAT,700,4275,15030,51.68,14.73,SAT,1,True
hf,hf_1241,18,12,115,1296,12437,8.83,6.70,SAT,575,3150,9993,37.30,9.70,SAT,1,True
hf,hf_1242,14,13,110,1092,10338,6.72,4.98,SAT,550,3331,11282,40.09,9.87,SAT,1,True
hf,hf_1243,13,13,115,1014,9575,6.47,5.16,SAT,575,3574,12991,43.48,24.61,SAT,1,True
hf,hf_1244,13,13,112,1014,9575,6.52,5.18,SAT,560,3421,12157,44.81,29.87,SAT,1,True
hf,hf_1245,13,15,122,1170,11211,7.19,5.86,SAT,610,3766,13451,46.11,15.55,SAT,1,True
hf,hf_1246,13,13,109,1014,9575,6.21,4.95,SAT,545,3288,11458,40.57,11.36,SAT,1,True
hf,hf_1247,18,12,124,1296,12426,9.01,6.26,SAT,620,3657,12332,45.05,15.97,SAT,1,True
hf,hf_1248,13,13,113,1014,9575,6.39,4.94,SAT,565,3446,12223,40.85,34.87,SAT,1,True
hf,hf_1249,13,13,113,1014,9575,6.19,5.13,SAT,565,3480,12491,41.35,26.43,SAT,1,True
hf,hf_1250,13,13,115,1014,9575,6.15,5.21,SAT,575,3568,12931,45.36,59.86,SAT,1,True
hf,hf_1251,13,13,115,1014,9575,7.14,5.70,SAT,575,3546,12773,44.71,50.60,SAT,1,True
hf,hf_1252,18,12,132,1296,12385,8.29,6.63,SAT,660,3903,13229,48.34,12.97,SAT,1,True
hf,hf_1253,14,14,119,1176,11210,7.54,6.09,SAT,595,3703,12969,44.95,17.13,SAT,1,True
hf,hf_1254,13,13,115,1014,9575,6.67,5.76,SAT,575,3566,12935,50.56,47.64,SAT,1,True
hf,hf_1255,18,12,128,1296,12416,9.20,6.79,SAT,640,3891,13586,48.98,14.35,SAT,1,True
hf,hf_1256,13,13,116,1014,9575,6.63,5.47,SAT,580,3625,13244,45.61,71.82,SAT,1,True
hf,hf_1257,18,12,130,1296,12413,10.76,9.17,SAT,650,3850,13194,63.65,20.26,SAT,1,True
hf,hf_1258,17,15,125,1530,14684,10.78,7.54,SAT,625,3390,10468,46.89,9.88,SAT,1,True
hf,hf_1259,18,12,128,1296,12433,8.91,7.23,SAT,640,3870,13402,47.46,14.46,SAT,1,True
hf,hf_1260,14,13,120,1092,10381,7.01,5.80,SAT,600,3747,13506,45.63,74.15,SAT,1,True
hf,hf_1261,14,14,128,1176,11222,8.21,6.23,SAT,640,4008,14302,50.84,44.42,SAT,1,True
hf,hf_1262,14,14,120,1176,11264,8.14,6.22,SAT,600,3662,12994,47.10,15.79,SAT,1,True
hf,hf_1263,14,14,126,1176,11262,7.53,6.11,SAT,630,3954,14100,47.87,26.41,SAT,1,True
hf,hf_1264,14,14,127,1176,11231,8.34,5.94,SAT,635,4048,14713,48.17,41.78,SAT,1,True
hf,hf_1265,11,17,114,1122,10685,7.32,5.40,SAT,570,3349,11466,40.41,13.81,SAT,1,True
hf,hf_1266,18,12,134,1296,12406,8.87,6.59,SAT,670,4082,14310,49.74,13.80,SAT,1,True
hf,hf_1267,18,12,134,1296,12374,9.20,6.47,SAT,670,4071,14158,49.79,31.79,SAT,1,True
hf,hf_1268,14,14,127,1176,11223,8.22,6.25,SAT,635,3962,14187,49.61,19.84,SAT,1,True
hf,hf_1269,14,14,124,1176,11195,7.40,6.02,SAT,620,3674,12524,45.76,16.38,SAT,1,True
hf,hf_1270,18,12,141,1296,12381,8.44,6.63,SAT,705,4486,16181,55.72,53.10,SAT,1,True
hf,hf_1271,18,12,140,1296,12389,9.49,7.09,SAT,700,4446,16032,56.87,18.54,SAT,1,True
hf,hf_1272,14,14,129,1176,11215,7.84,6.32,SAT,645,4070,14746,51.11,128.72,SAT,1,True
hf,hf_1273,18,12,136,1296,12372,9.05,6.43,SAT,680,4177,14394,51.22,14.78,SAT,1,True
hf,hf_1274,18,12,138,1296,12374,9.15,7.21,SAT,690,4407,16152,62.37,20.36,SAT,1,True
hf,hf_1275,18,12,140,1296,12381,8.43,6.65,SAT,700,4363,15632,54.51,14.53,SAT,1,True
hf,hf_1276,18,12,138,1296,12393,8.63,6.78,SAT,690,4181,14528,51.45,42.24,SAT,1,True
hf,hf_1277,14,14,129,1176,11211,8.24,6.19,SAT,645,4103,14937,53.82,77.58,SAT,1,True
hf,hf_1278,18,12,144,1296,12328,8.96,6.80,SAT,720,4553,16354,59.13,16.19,SAT,1,True
hf,hf_1279,18,12,142,1296,12389,10.76,8.95,SAT,710,4555,16700,75.99,31.80,SAT,1,True
hf,hf_1280,14,14,130,1176,11233,9.50,7.31,SAT,650,4090,14806,64.72,86.19,SAT,1,True
hf,hf_1281,14,14,132,1176,11203,8.72,7.16,SAT,660,4136,15128,62.04,33.36,SAT,1,True
hf,hf_1282,14,16,148,1344,12878,9.15,7.43,SAT,740,4840,17925,66.83,21.40,SAT,1,True
hf,hf_1283,20,12,144,1440,13834,18.35,7.33,SAT,720,4408,15384,54.84,14.38,SAT,1,True
hf,hf_1284,14,16,144,1344,12904,9.22,6.93,SAT,720,4572,16402,56.72,17.27,SAT,1,True
hf,hf_1285,16,16,144,1536,14849,9.88,7.88,SAT,720,4383,15400,56.09,16.53,SAT,1,True
hf,hf_1286,14,16,149,1344,12866,9.06,6.62,SAT,745,4862,17994,61.02,16.22,SAT,1,True
hf,hf_1287,20,12,153,1440,13825,9.26,7.77,SAT,765,4756,16764,56.97,61.14,SAT,1,True
hf,hf_1288,20,12,153,1440,13782,8.62,7.37,SAT,765,4678,16112,55.60,15.22,SAT,1,True
hf,hf_1289,13,17,143,1326,12681,8.40,6.34,SAT,715,4585,16607,56.58,20.26,SAT,1,True
hf,hf_1290,20,12,152,1440,13847,9.35,7.50,SAT,760,4722,16756,64.48,16.47,SAT,1,True
hf,hf_1291,20,12,155,1440,13846,9.22,7.50,SAT,775,4930,17615,60.31,16.67,SAT,1,True
hf,hf_1292,13,17,147,1326,12680,8.42,6.49,SAT,735,4803,17889,58.99,17.60,SAT,1,True
hf,hf_1293,20,12,157,1440,13803,9.68,7.90,SAT,785,5010,17951,68.75,19.82,SAT,1,True
hf,hf_1294,20,12,156,1440,13803,9.54,7.78,SAT,780,4897,17406,62.09,98.64,SAT,1,True
hf,hf_1295,14,16,150,1344,12870,9.30,6.74,SAT,750,4938,18522,64.18,18.06,SAT,1,True
hf,hf_1296,20,12,160,1440,13829,9.43,7.75,SAT,800,5160,18818,66.90,85.79,SAT,1,True
hf,hf_1297,20,12,163,1440,13796,9.65,7.77,SAT,815,5299,19504,66.82,37.07,SAT,1,True
hf,hf_1298,12,19,142,1368,13110,9.28,6.68,SAT,710,4359,15024,52.61,14.47,SAT,1,True
hf,hf_1299,20,12,163,1440,13780,8.85,7.04,SAT,815,5217,18953,64.19,127.22,SAT,1,True
hf,hf_1300,15,15,151,1350,12935,12.05,8.10,SAT,755,4996,18869,73.27,58.47,SAT,1,True
hf,hf_1301,16,17,183,1632,15753,12.14,8.70,SAT,915,6316,24563,88.44,27.81,SAT,1,True
hf,hf_1302,12,19,145,1368,13101,9.30,6.96,SAT,725,4505,15936,57.01,15.88,SAT,1,True
hf,hf_1303,12,19,146,1368,13085,8.63,6.67,SAT,730,4556,16054,55.50,22.31,SAT,1,True
hf,hf_1304,12,19,146,1368,13080,9.03,6.96,SAT,730,4544,15881,56.13,18.44,SAT,1,True
hf,hf_1305,12,19,149,1368,13077,9.15,7.14,SAT,745,4716,16988,57.66,28.87,SAT,1,True
hf,hf_1306,12,19,150,1368,13087,8.96,6.69,SAT,750,4733,16881,57.02,16.86,SAT,1,True
hf,hf_1307,13,18,155,1404,13432,9.98,7.60,SAT,775,5007,18345,70.02,19.37,SAT,1,True
hf,hf_1308,14,17,158,1428,13695,11.03,7.96,SAT,790,5227,19602,72.03,54.68,SAT,1,True
hf,hf_1309,12,19,151,1368,13114,9.23,7.25,SAT,755,4791,17216,60.05,19.61,SAT,1,True
hf,hf_1310,14,17,161,1428,13707,9.16,7.55,SAT,805,5302,19827,68.57,106.74,SAT,1,True
hf,hf_1311,12,19,154,1368,13081,8.61,7.17,SAT,770,4943,18090,61.45,47.09,SAT,1,True
hf,hf_1312,12,20,132,1440,13894,9.45,7.05,SAT,660,3688,11904,45.69,14.71,SAT,1,True
hf,hf_1313,13,18,153,1404,13464,9.00,7.51,SAT,765,4959,18210,66.31,21.07,SAT,1,True
hf,hf_1314,14,17,161,1428,13695,9.56,8.05,SAT,805,5318,19887,69.13,21.92,SAT,1,True
hf,hf_1315,20,12,170,1440,13749,9.96,13.15,SAT,850,5516,20458,74.48,115.99,SAT,1,True
hf,hf_1316,16,15,169,1440,13766,10.38,7.32,SAT,845,5839,22978,73.82,19.81,SAT,1,True
hf,hf_1317,12,19,154,1368,13073,8.86,6.72,SAT,770,4930,17945,58.82,22.32,SAT,1,True
hf,hf_1318,15,17,167,1530,14732,9.69,7.22,SAT,835,5620,21345,70.19,20.04,SAT,1,True
hf,hf_1319,13,19,159,1482,14246,9.81,7.25,SAT,795,5071,18160,65.18,16.31,SAT,1,True
hf,hf_1320,16,16,177,1536,14774,10.02,7.67,SAT,885,6108,23992,73.82,69.56,SAT,1,True
hf,hf_1321,14,18,165,1512,14536,9.42,7.06,SAT,825,5414,20014,65.38,18.27,SAT,1,True
hf,hf_1322,15,17,175,1530,14701,10.26,7.18,SAT,875,5971,23107,71.82,24.58,SAT,1,True
hf,hf_1323,13,19,163,1482,14236,9.30,7.13,SAT,815,5286,19319,65.07,17.47,SAT,1,True
hf,hf_1324,13,19,166,1482,14223,10.34,7.47,SAT,830,5460,20313,64.82,19.82,SAT,1,True
hf,hf_1325,12,20,134,1440,13857,9.66,7.30,SAT,670,4008,13594,49.29,13.95,SAT,1,True
hf,hf_1326,14,18,167,1512,14551,11.13,7.94,SAT,835,5557,20895,71.79,20.56,SAT,1,True
hf,hf_1327,12,20,142,1440,13793,9.83,7.41,SAT,710,4333,14638,55.20,20.65,SAT,1,True
hf,hf_1328,13,19,162,1482,14210,9.60,7.64,SAT,810,5286,19317,67.81,17.89,SAT,1,True
hf,hf_1329,14,18,169,1512,14540,10.41,7.81,SAT,845,5696,21717,70.58,18.57,SAT,1,True
hf,hf_1330,15,18,187,1620,15606,10.70,8.36,SAT,935,6413,24860,85.20,131.83,SAT,1,True
hf,hf_1331,14,18,168,1512,14517,9.90,7.53,SAT,840,5624,21222,68.67,19.42,SAT,1,True
hf,hf_1332,14,18,168,1512,14518,9.71,8.28,SAT,840,5573,20829,72.89,65.29,SAT,1,True
hf,hf_1333,12,20,140,1440,13864,9.77,7.75,SAT,700,4336,15216,54.04,33.93,SAT,1,True
hf,hf_1334,15,17,175,1530,14726,10.72,7.71,SAT,875,6010,23453,76.14,23.95,SAT,1,True
hf,hf_1335,12,20,142,1440,13822,9.98,7.39,SAT,710,4501,15910,56.89,14.57,SAT,1,True
hf,hf_1336,14,19,184,1596,15360,10.39,7.97,SAT,920,6292,24259,76.97,21.89,SAT,1,True
hf,hf_1337,12,20,136,1440,13839,9.06,6.80,SAT,680,3930,12968,47.74,13.39,SAT,1,True
hf,hf_1338,12,20,136,1440,13785,9.04,6.74,SAT,680,3996,13336,47.46,14.92,SAT,1,True
hf,hf_1339,15,18,177,1620,15623,10.65,7.55,SAT,885,5946,22431,71.52,19.01,SAT,1,True
hf,hf_1340,12,20,144,1440,13826,9.39,6.89,SAT,720,4379,15192,53.88,43.70,SAT,1,True
hf,hf_1341,12,20,135,1440,13850,9.25,6.88,SAT,675,3858,12764,44.99,13.30,SAT,1,True
hf,hf_1342,12,20,159,1440,13805,9.40,6.87,SAT,795,5001,17855,58.72,20.78,SAT,1,True
hf,hf_1343,15,19,191,1710,16533,10.65,8.32,SAT,955,6612,25751,81.98,21.68,SAT,1,True
hf,hf_1344,12,20,142,1440,13845,9.48,6.92,SAT,710,4195,14114,48.97,13.36,SAT,1,True
hf,hf_1345,16,16,179,1536,14776,9.53,8.29,SAT,895,6217,24569,75.75,25.51,SAT,1,True
hf,hf_1346,12,20,152,1440,13844,9.32,7.34,SAT,760,4761,16804,57.70,17.37,SAT,1,True
hf,hf_1347,12,20,153,1440,13809,8.91,6.62,SAT,765,4784,16792,58.80,17.45,SAT,1,True
hf,hf_1348,12,20,153,1440,13803,10.01,7.85,SAT,765,4819,17252,59.88,33.63,SAT,1,True
hf,hf_1349,12,20,156,1440,13781,8.99,7.27,SAT,780,4927,17619,58.77,115.06,SAT,1,True
hf,hf_1350,12,20,156,1440,13880,9.48,7.41,SAT,780,4863,17119,60.72,16.66,SAT,1,True
hf,hf_1351,12,20,155,1440,13809,9.27,8.00,SAT,775,4942,17899,64.70,17.21,SAT,1,True
hf,hf_1352,12,20,154,1440,13840,9.26,7.83,SAT,770,4831,17120,59.11,16.39,SAT,1,True
hf,hf_1353,15,18,185,1620,15598,11.79,9.04,SAT,925,6402,25036,84.38,42.00,SAT,1,True
hf,hf_1354,12,20,150,1440,13804,9.24,6.95,SAT,750,4530,15538,59.09,16.46,SAT,1,True
hf,hf_1355,12,20,159,1440,13817,8.90,7.22,SAT,795,5078,18349,63.64,18.13,SAT,1,True
hf,hf_1356,14,19,181,1596,15366,11.50,7.65,SAT,905,6098,23126,76.77,32.95,SAT,1,True
hf,hf_1357,12,20,160,1440,13794,9.68,7.60,SAT,800,5263,19615,64.36,18.32,SAT,1,True
hf,hf_1358,12,20,150,1440,13845,9.82,7.99,SAT,750,4643,16394,57.17,83.86,SAT,1,True
hf,hf_1359,16,17,190,1632,15740,10.47,7.97,SAT,950,6673,26551,85.10,30.21,SAT,1,True
hf,hf_1360,12,20,154,1440,13834,11.56,8.12,SAT,770,4898,17595,66.86,58.49,SAT,1,True
hf,hf_1361,12,20,140,1440,13768,9.29,7.07,SAT,700,4095,13608,52.11,13.74,SAT,1,True
hf,hf_1362,15,18,186,1620,15608,11.06,8.10,SAT,930,6423,25034,80.12,22.82,SAT,1,True
hf,hf_1363,12,20,140,1440,13847,9.44,7.26,SAT,700,3955,12864,51.20,13.02,SAT,1,True
hf,hf_1364,15,19,192,1710,16508,12.31,8.88,SAT,960,6590,25412,83.00,26.77,SAT,1,True
hf,hf_1365,12,20,156,1440,13781,9.43,8.02,SAT,780,4742,16710,57.99,23.51,SAT,1,True
hf,hf_1366,12,20,134,1440,13768,8.94,6.55,SAT,670,3697,11599,44.15,11.44,SAT,1,True
hf,hf_1367,15,19,194,1710,16546,12.19,9.06,SAT,970,6643,25606,85.46,26.02,SAT,1,True
hf,hf_1368,12,20,154,1440,13776,9.40,7.61,SAT,770,4801,16995,59.23,17.57,SAT,1,True
hf,hf_1369,12,20,156,1440,13857,9.35,7.66,SAT,780,4912,17426,60.39,18.48,SAT,1,True
hf,hf_1370,12,20,164,1440,13783,9.12,7.72,SAT,820,5294,19356,70.20,135.13,SAT,1,True
hf,hf_1371,12,20,159,1440,13802,9.14,7.42,SAT,795,5165,19046,65.65,19.65,SAT,1,True
hf,hf_1372,12,20,159,1440,13814,10.05,7.77,SAT,795,5017,17870,64.38,21.07,SAT,1,True
hf,hf_1373,15,18,190,1620,15569,12.18,9.25,SAT,950,6620,26165,92.53,172.36,SAT,1,True
hf,hf_1374,15,18,190,1620,15593,12.38,9.23,SAT,950,6598,26003,90.45,32.29,SAT,1,True
hf,hf_1375,12,20,160,1440,13780,10.22,9.59,SAT,800,5183,19145,85.29,23.83,SAT,1,True
hf,hf_1376,17,17,198,1734,16746,15.66,10.23,SAT,990,6967,27715,98.74,40.86,SAT,1,True
hf,hf_1377,16,18,198,1728,16719,14.03,10.36,SAT,990,6983,27954,98.75,34.70,SAT,1,True
hf,hf_1378,12,20,149,1440,13781,9.57,7.49,SAT,745,4363,14843,56.66,29.48,SAT,1,True
hf,hf_1379,15,19,200,1710,16490,12.30,9.95,SAT,1000,6989,27613,93.48,79.33,SAT,1,True
hf,hf_1380,16,18,195,1728,16690,12.55,9.14,SAT,975,6839,26971,91.21,25.18,SAT,1,True
hf,hf_1381,15,19,196,1710,16505,11.80,9.20,SAT,980,6753,26179,86.67,27.35,SAT,1,True
hf,hf_1382,15,19,195,1710,16522,12.17,9.12,SAT,975,6747,26318,89.81,66.64,SAT,1,True
hf,hf_1383,17,17,200,1734,16726,12.07,9.45,SAT,1000,7054,28274,95.09,153.12,SAT,1,True
hf,hf_1384,12,20,159,1440,13762,11.55,9.00,SAT,795,5042,18017,68.95,45.72,SAT,1,True
hf,hf_1385,17,17,204,1734,16716,11.23,10.01,SAT,1020,7218,28982,95.87,157.38,SAT,1,True
hf,hf_1386,12,20,164,1440,13794,9.69,7.21,SAT,820,5300,19398,65.37,25.62,SAT,1,True
hf,hf_1387,12,20,161,1440,13829,9.05,7.51,SAT,805,5114,18393,61.71,27.19,SAT,1,True
hf,hf_1388,15,19,196,1710,16502,13.03,9.48,SAT,980,6843,26935,86.96,80.33,SAT,1,True
hf,hf_1389,15,19,197,1710,16507,11.49,9.09,SAT,985,6877,27066,87.83,27.73,SAT,1,True
hf,hf_1390,15,19,194,1710,16506,10.86,8.34,SAT,970,6717,26136,84.66,22.97,SAT,1,True
hf,hf_1391,12,20,163,1440,13796,9.35,7.09,SAT,815,5299,19504,71.49,40.78,SAT,1,True
hf,hf_1392,17,17,199,1734,16749,13.11,9.58,SAT,995,7047,28169,94.92,28.31,SAT,1,True
hf,hf_1393,19,19,221,2166,21059,14.80,11.56,SAT,1105,7361,28153,93.76,23.19,SAT,1,True
hf,hf_1394,17,19,230,1938,18753,13.35,9.90,SAT,1150,8488,35382,110.05,81.60,SAT,1,True
hf,hf_1395,16,19,204,1824,17724,12.37,9.39,SAT,1020,7080,27614,90.47,27.75,SAT,1,True
hf,hf_1396,15,19,198,1710,16514,10.93,8.61,SAT,990,6887,27003,90.53,42.81,SAT,1,True
hf,hf_1397,12,20,160,1440,13794,9.65,7.45,SAT,800,5023,17880,61.89,60.50,SAT,1,True
hf,hf_1398,12,20,162,1440,13776,9.31,7.61,SAT,810,5139,18528,63.23,13.14,SAT,1,True
hf,hf_1399,12,20,165,1440,13802,8.91,7.04,SAT,825,5338,19597,66.74,19.46,SAT,1,True
hf,hf_1400,16,19,211,1824,17647,12.25,9.48,SAT,1055,7541,30393,95.33,26.01,SAT,1,True
hf,hf_1401,16,19,213,1824,17627,13.14,10.28,SAT,1065,7682,31239,101.99,35.24,SAT,1,True
hf,hf_1402,17,19,225,1938,18816,13.35,10.15,SAT,1125,8178,33656,112.13,37.40,SAT,1,True
hf,hf_1403,19,19,233,2166,21099,15.14,11.43,SAT,1165,8238,32855,101.51,66.19,SAT,1,True
hf,hf_1404,19,19,229,2166,21174,19.53,11.49,SAT,1145,8124,32855,111.90,47.29,SAT,1,True
hf,hf_1405,17,19,233,1938,18739,12.72,9.96,SAT,1165,8676,36595,113.76,229.03,SAT,1,True
hf,hf_1406,13,20,175,1560,15013,10.49,7.99,SAT,875,5752,21300,77.30,22.44,SAT,1,True
hf,hf_1407,16,19,215,1824,17617,11.69,9.62,SAT,1075,7759,31719,96.80,121.48,SAT,1,True
hf,hf_1408,14,20,183,1680,16221,12.43,9.05,SAT,915,6093,22815,86.39,24.97,SAT,1,True
hf,hf_1409,16,19,213,1824,17645,12.47,11.00,SAT,1065,7621,30781,104.82,65.68,SAT,1,True
hf,hf_1410,19,19,214,2166,21207,15.73,10.74,SAT,1070,6929,25870,87.76,41.28,SAT,1,True
hf,hf_1411,16,19,220,1824,17602,16.40,11.42,SAT,1100,7969,32739,110.60,254.29,SAT,1,True
hf,hf_1412,16,20,223,1920,18648,14.29,10.35,SAT,1115,8039,32526,108.03,33.78,SAT,1,True
hf,hf_1413,17,19,227,1938,18804,13.04,10.68,SAT,1135,8283,34248,107.30,59.30,SAT,1,True
hf,hf_1414,17,19,229,1938,18806,12.98,10.55,SAT,1145,8445,35147,113.57,69.94,SAT,1,True
hf,hf_1415,17,19,226,1938,18762,13.91,10.17,SAT,1130,8205,33562,108.24,30.98,SAT,1,True
hf,hf_1416,14,20,194,1680,16188,11.85,9.00,SAT,970,6646,25712,85.70,102.25,SAT,1,True
hf,hf_1417,19,19,224,2166,20994,15.24,11.22,SAT,1120,7531,28555,102.05,29.28,SAT,1,True
hf,hf_1418,18,19,243,2052,19924,14.92,11.27,SAT,1215,9071,38282,121.38,67.12,SAT,1,True
hf,hf_1419,19,19,237,2166,21085,15.16,11.77,SAT,1185,8668,35553,120.60,138.84,SAT,1,True
hf,hf_1420,19,19,231,2166,20965,15.10,11.29,SAT,1155,8046,31991,105.59,54.73,SAT,1,True
hf,hf_1421,17,19,230,1938,18763,14.27,10.45,SAT,1150,8386,34595,124.30,36.46,SAT,1,True
hf,hf_1422,17,19,231,1938,18787,14.54,12.17,SAT,1155,8553,35731,127.45,41.41,SAT,1,True
hf,hf_1423,25,17,276,2550,24705,18.21,12.75,SAT,1380,9626,37941,118.70,39.66,SAT,1,True
hf,hf_1424,15,20,210,1800,17402,12.27,9.39,SAT,1050,7478,29884,92.86,28.62,SAT,1,True
hf,hf_1425,17,19,230,1938,18750,12.34,9.33,SAT,1150,8409,34840,107.28,89.76,SAT,1,True
hf,hf_1426,16,20,230,1920,18554,11.91,9.67,SAT,1150,8413,34737,104.59,34.99,SAT,1,True
hf,hf_1427,19,19,233,2166,21087,15.06,10.27,SAT,1165,8357,33837,103.83,28.92,SAT,1,True
hf,hf_1428,15,20,209,1800,17405,13.08,9.06,SAT,1045,7372,29166,88.94,24.60,SAT,1,True
hf,hf_1429,16,20,215,1920,18594,13.10,9.94,SAT,1075,7549,29590,91.40,25.03,SAT,1,True
hf,hf_1430,19,19,245,2166,20996,14.51,10.63,SAT,1225,8921,36539,110.39,79.69,SAT,1,True
hf,hf_1431,19,19,260,2166,21020,14.90,10.96,SAT,1300,9879,42520,128.17,151.08,SAT,1,True
hf,hf_1432,14,21,203,1764,17033,12.16,8.55,SAT,1015,7032,27395,89.51,69.99,SAT,1,True
hf,hf_1433,14,21,207,1764,17022,12.27,9.08,SAT,1035,7274,28723,87.10,28.52,SAT,1,True
hf,hf_1434,19,19,249,2166,21137,14.78,10.91,SAT,1245,9155,38034,113.12,29.44,SAT,1,True
hf,hf_1435,24,16,260,2304,22443,15.71,12.16,SAT,1300,9486,38676,115.39,32.66,SAT,1,True
hf,hf_1436,19,19,261,2166,21041,14.66,13.05,SAT,1305,9950,42975,126.62,427.82,SAT,1,True
hf,hf_1437,19,19,251,2166,21095,14.10,11.23,SAT,1255,9359,39294,115.64,34.28,SAT,1,True
hf,hf_1438,14,21,209,1764,17028,11.52,8.79,SAT,1045,7323,28860,88.55,103.14,SAT,1,True
hf,hf_1439,14,21,205,1764,17019,11.01,8.37,SAT,1025,7112,27810,86.27,50.62,SAT,1,True
hf,hf_1440,16,20,221,1920,18622,11.94,9.05,SAT,1105,7909,31805,96.72,26.56,SAT,1,True
hf,hf_1441,16,20,226,1920,18581,12.60,9.53,SAT,1130,8273,34120,105.03,31.19,SAT,1,True
hf,hf_1442,16,20,222,1920,18625,13.36,9.10,SAT,1110,7969,32186,98.38,28.88,SAT,1,True
hf,hf_1443,19,19,252,2166,21124,14.94,10.15,SAT,1260,9478,40382,118.79,54.46,SAT,1,True
hf,hf_1444,14,22,215,1848,17851,12.03,9.93,SAT,1075,7451,28928,91.80,63.91,SAT,1,True
hf,hf_1445,19,19,260,2166,21057,13.51,10.50,SAT,1300,9818,41766,121.97,186.87,SAT,1,True
hf,hf_1446,19,19,269,2166,20997,14.28,10.87,SAT,1345,10344,45401,129.74,265.86,SAT,1,True
hf,hf_1447,16,20,223,1920,18610,12.94,9.06,SAT,1115,8050,32757,98.76,28.50,SAT,1,True
hf,hf_1448,17,20,245,2040,19775,12.78,10.23,SAT,1225,9138,38438,112.20,168.56,SAT,1,True
hf,hf_1449,16,20,225,1920,18642,13.11,9.65,SAT,1125,8153,33278,98.72,36.70,SAT,1,True
hf,hf_1450,15,21,218,1890,18281,12.05,9.11,SAT,1090,7792,31196,94.75,57.93,SAT,1,True
hf,hf_1451,17,21,253,2142,20837,14.11,10.43,SAT,1265,9489,40056,117.03,36.00,SAT,1,True
hf,hf_1452,15,21,217,1890,18332,12.75,10.00,SAT,1085,7627,30112,92.25,27.68,SAT,1,True
hf,hf_1453,16,20,226,1920,18500,12.70,9.03,SAT,1130,8253,33953,102.50,26.73,SAT,1,True
hf,hf_1454,16,20,227,1920,18578,13.36,9.06,SAT,1135,8285,34185,102.16,34.67,SAT,1,True
hf,hf_1455,13,22,198,1716,16537,12.20,8.17,SAT,990,6708,25523,80.73,66.60,SAT,1,True
hf,hf_1456,16,20,224,1920,18616,13.31,9.89,SAT,1120,8095,32899,101.65,92.50,SAT,1,True
hf,hf_1457,16,20,229,1920,18610,13.40,9.38,SAT,1145,8373,34510,107.78,34.84,SAT,1,True
hf,hf_1458,19,19,254,2166,21097,15.13,11.96,SAT,1270,9575,40784,123.92,72.05,SAT,1,True
hf,hf_1459,15,21,217,1890,18294,12.05,9.75,SAT,1085,7653,30326,98.23,113.85,SAT,1,True
hf,hf_1460,14,22,208,1848,17871,12.22,8.90,SAT,1040,7102,27018,86.07,24.68,SAT,1,True
hf,hf_1461,15,21,217,1890,18303,13.28,9.74,SAT,1085,7635,30110,96.25,29.65,SAT,1,True
hf,hf_1462,15,21,221,1890,18314,13.09,9.51,SAT,1105,7854,31412,100.11,28.99,SAT,1,True
hf,hf_1463,15,21,222,1890,18285,11.85,9.19,SAT,1110,7948,31968,96.33,29.81,SAT,1,True
hf,hf_1464,16,20,231,1920,18568,12.98,9.46,SAT,1155,8437,34893,104.55,140.36,SAT,1,True
hf,hf_1465,17,20,246,2040,19778,12.56,9.98,SAT,1230,9229,39095,116.52,60.22,SAT,1,True
hf,hf_1466,16,20,229,1920,18587,12.29,9.15,SAT,1145,8399,34816,103.64,48.40,SAT,1,True
hf,hf_1467,16,20,229,1920,18558,12.97,9.31,SAT,1145,8335,34259,102.06,194.29,SAT,1,True
hf,hf_1468,15,21,224,1890,18261,12.16,9.59,SAT,1120,7989,32098,102.21,208.48,SAT,1,True
hf,hf_1469,15,21,225,1890,18285,12.72,8.76,SAT,1125,8080,32573,97.53,30.94,SAT,1,True
hf,hf_1470,19,19,255,2166,21074,14.70,11.26,SAT,1275,9572,40783,119.54,152.37,SAT,1,True
hf,hf_1471,15,21,224,1890,18275,12.73,9.29,SAT,1120,7988,32117,98.18,49.12,SAT,1,True
hf,hf_1472,15,22,238,1980,19134,13.39,9.94,SAT,1190,8681,35525,108.93,41.48,SAT,1,True
hf,hf_1473,14,22,216,1848,17856,12.44,9.23,SAT,1080,7511,29327,91.36,130.17,SAT,1,True
hf,hf_1474,14,22,220,1848,17839,11.85,9.68,SAT,1100,7735,30552,95.60,61.35,SAT,1,True
hf,hf_1475,19,19,260,2166,21043,14.67,11.10,SAT,1300,9942,43476,124.18,154.39,SAT,1,True
hf,hf_1476,15,21,222,1890,18311,13.11,9.27,SAT,1110,7846,31169,98.03,39.93,SAT,1,True
hf,hf_1477,19,19,261,2166,21079,14.60,11.33,SAT,1305,9915,42567,129.41,177.85,SAT,1,True
hf,hf_1478,15,21,226,1890,18266,12.53,9.11,SAT,1130,8148,33081,99.17,99.48,SAT,1,True
hf,hf_1479,19,19,260,2166,21077,14.48,10.61,SAT,1300,9832,42288,124.09,124.84,SAT,1,True
hf,hf_1480,16,21,235,2016,19553,14.10,9.87,SAT,1175,8569,35091,105.84,32.62,SAT,1,True
hf,hf_1481,17,20,246,2040,19774,14.26,10.85,SAT,1230,9130,38510,118.59,39.01,SAT,1,True
hf,hf_1482,17,20,243,2040,19783,12.89,10.10,SAT,1215,9010,37762,115.46,118.83,SAT,1,True
hf,hf_1483,16,21,240,2016,19544,13.96,10.13,SAT,1200,8873,37008,113.84,42.17,SAT,1,True
hf,hf_1484,16,21,233,2016,19549,13.76,9.79,SAT,1165,8474,34538,107.08,36.69,SAT,1,True
hf,hf_1485,16,21,241,2016,19544,14.17,10.44,SAT,1205,8933,37360,111.39,47.44,SAT,1,True
hf,hf_1486,17,21,259,2142,20786,14.25,11.31,SAT,1295,9813,41887,126.72,44.77,SAT,1,True
hf,hf_1487,16,21,237,2016,19522,13.55,10.44,SAT,1185,8679,35777,106.48,64.87,SAT,1,True
hf,hf_1488,16,21,238,2016,19542,13.96,10.77,SAT,1190,8680,35543,106.89,74.48,SAT,1,True
hf,hf_1489,17,20,246,2040,19764,14.87,10.08,SAT,1230,9202,38831,115.97,49.21,SAT,1,True
hf,hf_1490,15,22,232,1980,19159,12.71,10.27,SAT,1160,8405,34046,103.48,58.01,SAT,1,True
hf,hf_1491,15,22,233,1980,19172,14.91,10.28,SAT,1165,8323,33340,104.09,119.94,SAT,1,True
hf,hf_1492,18,20,251,2160,21016,14.53,10.13,SAT,1255,9391,39678,116.43,45.72,SAT,1,True
hf,hf_1493,18,20,258,2160,20995,13.85,11.20,SAT,1290,9767,41871,121.54,39.41,SAT,1,True
hf,hf_1494,16,22,250,2112,20517,14.27,11.06,SAT,1250,9180,37912,112.96,58.02,SAT,1,True
hf,hf_1495,16,21,244,2016,19501,12.97,9.78,SAT,1220,9063,37931,113.08,141.60,SAT,1,True
hf,hf_1496,16,22,246,2112,20569,14.43,10.12,SAT,1230,8884,35919,110.63,32.24,SAT,1,True
hf,hf_1497,16,22,242,2112,20531,18.65,12.56,SAT,1210,8689,35134,123.35,86.40,SAT,1,True
hf,hf_1498,16,22,249,2112,20505,14.42,10.18,SAT,1245,9111,37467,111.97,120.91,SAT,1,True
hf,hf_1499,16,22,248,2112,20528,15.63,11.87,SAT,1240,9058,37046,120.63,98.93,SAT,1,True
hf,hf_1500,17,21,257,2142,20807,15.36,10.60,SAT,1285,9757,41549,120.96,189.86,SAT,1,True
hf,hf_1501,16,22,248,2112,20522,14.22,10.64,SAT,1240,9048,36896,113.15,35.67,SAT,1,True
hf,hf_1502,16,22,251,2112,20500,13.78,10.72,SAT,1255,9267,38368,116.35,122.11,SAT,1,True
hf,hf_1503,15,22,241,1980,19146,12.93,9.76,SAT,1205,8785,36050,107.36,117.56,SAT,1,True
hf,hf_1504,17,21,255,2142,20791,14.86,10.96,SAT,1275,9579,40481,116.65,44.52,SAT,1,True
hf,hf_1505,18,20,265,2160,20972,14.80,10.65,SAT,1325,10148,44180,125.29,117.74,SAT,1,True
hf,hf_1506,14,23,223,1932,18709,12.69,10.42,SAT,1115,7741,29961,95.40,201.05,SAT,1,True
hf,hf_1507,17,21,258,2142,20765,13.69,11.13,SAT,1290,9646,40721,120.06,172.58,SAT,1,True
hf,hf_1508,16,22,251,2112,20484,14.15,11.30,SAT,1255,9208,37911,112.49,137.46,SAT,1,True
hf,hf_1509,17,22,268,2244,21834,13.94,12.21,SAT,1340,10150,43356,126.80,138.97,SAT,1,True
hf,hf_1510,16,22,251,2112,20508,13.15,9.97,SAT,1255,9236,38151,115.68,54.85,SAT,1,True
hf,hf_1511,17,21,261,2142,20795,14.41,10.78,SAT,1305,9948,42753,125.79,71.65,SAT,1,True
hf,hf_1512,16,22,249,2112,20478,14.11,10.69,SAT,1245,9131,37651,112.46,48.71,SAT,1,True
hf,hf_1513,17,23,280,2346,22829,15.36,11.79,SAT,1400,10565,44804,131.29,102.06,SAT,1,True
hf,hf_1514,18,21,270,2268,22068,15.28,10.76,SAT,1350,10255,44073,127.81,141.61,SAT,1,True
hf,hf_1515,17,22,271,2244,21810,14.16,11.26,SAT,1355,10327,44347,128.96,130.39,SAT,1,True
hf,hf_1516,15,23,241,2070,20071,14.19,9.88,SAT,1205,8703,35037,108.23,31.38,SAT,1,True
hf,hf_1517,15,23,250,2070,20054,13.47,10.13,SAT,1250,9103,37249,110.79,97.29,SAT,1,True
hf,hf_1518,18,21,272,2268,22062,15.56,10.72,SAT,1360,10422,44932,129.80,58.16,SAT,1,True
hf,hf_1519,17,22,275,2244,21805,15.14,10.58,SAT,1375,10607,46170,130.51,66.41,SAT,1,True
hf,hf_1520,20,20,279,2400,23355,14.84,11.62,SAT,1395,10616,45156,134.69,42.25,SAT,1,True
hf,hf_1521,17,22,266,2244,21827,15.44,11.61,SAT,1330,10123,43333,126.09,40.67,SAT,1,True
hf,hf_1522,17,22,273,2244,21799,14.20,11.32,SAT,1365,10391,44658,130.18,150.91,SAT,1,True
hf,hf_1523,18,21,280,2268,22030,15.01,10.73,SAT,1400,10895,48014,135.27,55.38,SAT,1,True
hf,hf_1524,15,23,244,2070,20075,12.85,10.76,SAT,1220,8803,35549,108.28,154.33,SAT,1,True
hf,hf_1525,17,22,271,2244,21799,15.16,11.02,SAT,1355,10304,44164,129.63,42.99,SAT,1,True
hf,hf_1526,19,21,294,2394,23304,17.03,13.13,SAT,1470,11695,52956,156.26,97.67,SAT,1,True
hf,hf_1527,17,22,271,2244,21823,14.89,12.04,SAT,1355,10354,44644,134.80,226.30,SAT,1,True
hf,hf_1528,16,23,264,2208,21438,14.37,11.37,SAT,1320,9844,41082,130.45,40.45,SAT,1,True
hf,hf_1529,19,21,291,2394,23327,16.41,12.12,SAT,1455,11425,50801,147.36,124.53,SAT,1,True
hf,hf_1530,18,21,277,2268,22068,16.01,11.71,SAT,1385,10809,47853,139.05,140.09,SAT,1,True
hf,hf_1531,18,21,278,2268,22029,16.21,11.73,SAT,1390,10745,47063,139.55,95.78,SAT,1,True
hf,hf_1532,16,24,269,2304,22434,15.30,12.10,SAT,1345,9975,41227,134.16,39.95,SAT,1,True
hf,hf_1533,18,22,282,2376,23152,16.95,12.41,SAT,1410,10801,46799,142.58,52.49,SAT,1,True
hf,hf_1534,18,22,294,2376,23103,16.64,12.55,SAT,1470,11485,50817,152.53,130.48,SAT,1,True
hf,hf_1535,16,23,267,2208,21427,15.95,11.48,SAT,1335,10071,42589,131.29,64.45,SAT,1,True
hf,hf_1536,16,23,259,2208,21430,17.22,12.38,SAT,1295,9555,39544,130.42,36.52,SAT,1,True
hf,hf_1537,19,21,291,2394,23304,17.69,12.44,SAT,1455,11474,51262,156.41,89.89,SAT,1,True
hf,hf_1538,18,22,278,2376,23208,16.67,12.06,SAT,1390,10538,44733,137.22,79.03,SAT,1,True
hf,hf_1539,14,24,232,2016,19517,13.76,10.27,SAT,1160,8049,31135,103.17,29.73,SAT,1,True
hf,hf_1540,19,21,292,2394,23321,29.40,13.43,SAT,1460,11450,50865,154.89,573.69,SAT,1,True
hf,hf_1541,18,22,287,2376,23163,17.38,12.09,SAT,1435,11136,48807,148.97,118.56,SAT,1,True
hf,hf_1542,16,23,269,2208,21420,14.83,11.54,SAT,1345,10119,42787,140.72,181.32,SAT,1,True
hf,hf_1543,18,22,285,2376,23169,16.50,12.93,SAT,1425,10972,47453,148.37,171.87,SAT,1,True
hf,hf_1544,18,22,297,2376,23102,16.45,12.94,SAT,1485,11739,52630,151.61,195.57,SAT,1,True
hf,hf_1545,19,21,295,2394,23333,17.10,12.74,SAT,1475,11648,52246,158.38,119.69,SAT,1,True
hf,hf_1546,18,22,293,2376,23118,16.77,12.58,SAT,1465,11565,51805,153.10,142.20,SAT,1,True
hf,hf_1547,23,25,195,3450,33762,22.60,15.85,SAT,975,5963,20580,75.99,18.14,SAT,1,True
hf,hf_1548,19,21,291,2394,23289,17.06,13.42,SAT,1455,11384,50469,150.00,183.38,SAT,1,True
hf,hf_1549,18,22,289,2376,23129,16.20,12.55,SAT,1445,11224,49257,155.75,345.16,SAT,1,True
hf,hf_1550,18,22,289,2376,23130,16.89,12.79,SAT,1445,11151,48529,148.55,141.88,SAT,1,True
hf,hf_1551,19,21,296,2394,23298,16.88,12.39,SAT,1480,11727,52668,150.28,213.27,SAT,1,True
hf,hf_1552,18,22,290,2376,23141,17.40,13.01,SAT,1450,11287,49784,145.47,342.21,SAT,1,True
hf,hf_1553,18,22,287,2376,23162,16.73,12.20,SAT,1435,11184,49179,145.74,50.43,SAT,1,True
hf,hf_1554,18,22,285,2376,23111,17.39,12.43,SAT,1425,10874,46988,144.53,266.93,SAT,1,True
hf,hf_1555,18,22,292,2376,23129,16.86,12.56,SAT,1460,11416,50455,151.51,49.42,SAT,1,True
hf,hf_1556,18,22,291,2376,23138,16.80,12.96,SAT,1455,11354,50139,152.63,288.07,SAT,1,True
hf,hf_1557,19,22,302,2508,24468,18.90,13.52,SAT,1510,11976,53713,163.49,85.71,SAT,1,True
hf,hf_1558,18,22,293,2376,23117,16.16,12.90,SAT,1465,11509,51240,155.07,393.93,SAT,1,True
hf,hf_1559,17,23,269,2346,22807,20.12,13.20,SAT,1345,9979,41616,147.00,89.87,SAT,1,True
hf,hf_1560,17,23,289,2346,22793,15.34,11.92,SAT,1445,11198,48921,143.80,143.74,SAT,1,True
hf,hf_1561,5,5,8,150,1249,0.79,0.95,SAT,40,153,401,1.84,0.70,SAT,1,True
hf,hf_1562,17,23,280,2346,22840,16.42,12.16,SAT,1400,10693,45939,138.23,78.34,SAT,1,True
hf,hf_1563,8,27,131,1296,12193,8.69,6.63,SAT,655,3428,10558,41.38,26.10,SAT,1,True
hf,hf_1564,6,6,14,216,1860,1.18,1.30,SAT,70,291,807,3.70,1.17,SAT,1,True
hf,hf_1565,6,6,13,216,1867,1.19,1.32,SAT,65,267,694,3.35,1.06,SAT,1,True
hf,hf_1566,17,23,282,2346,22821,18.30,13.26,SAT,1410,10846,47021,145.28,134.96,SAT,1,True
hf,hf_1567,6,6,14,216,1852,1.12,1.30,SAT,70,290,803,3.42,2.29,SAT,1,True
hf,hf_1568,7,6,17,252,2188,1.65,1.34,SAT,85,355,949,4.02,1.39,SAT,1,True
hf,hf_1569,7,7,20,294,2585,1.65,1.53,SAT,100,432,1171,5.04,2.39,SAT,1,True
hf,hf_1570,7,7,22,294,2607,1.72,1.70,SAT,110,501,1498,5.97,1.75,SAT,1,True
hf,hf_1571,17,23,285,2346,22841,17.21,12.06,SAT,1425,11015,47784,146.71,51.42,SAT,1,True
hf,hf_1572,7,7,16,294,2600,1.81,1.62,SAT,80,332,868,3.94,1.13,SAT,1,True
hf,hf_1573,7,7,21,294,2592,1.85,1.54,SAT,105,470,1336,5.57,1.97,SAT,1,True
hf,hf_1574,7,7,19,294,2585,1.80,1.57,SAT,95,409,1116,4.85,1.67,SAT,1,True
hf,hf_1575,19,22,306,2508,24445,17.01,13.14,SAT,1530,12072,54042,159.22,73.40,SAT,1,True
hf,hf_1576,7,7,20,294,2585,1.80,2.01,SAT,100,432,1171,5.12,2.80,SAT,1,True
hf,hf_1577,7,7,23,294,2592,1.99,1.72,SAT,115,512,1489,6.54,3.74,SAT,1,True
hf,hf_1578,7,7,24,294,2589,2.14,1.70,SAT,120,529,1556,6.43,1.92,SAT,1,True
hf,hf_1579,8,7,26,336,3008,2.15,1.81,SAT,130,572,1578,6.86,2.05,SAT,1,True
hf,hf_1580,17,23,281,2346,22841,17.69,12.36,SAT,1405,10673,45513,144.31,83.70,SAT,1,True
hf,hf_1581,7,8,24,336,2982,2.01,1.78,SAT,120,540,1497,6.64,1.88,SAT,1,True
hf,hf_1582,8,8,31,384,3467,2.66,1.96,SAT,155,751,2297,9.80,2.53,SAT,1,True
hf,hf_1583,8,8,28,384,3469,2.38,2.00,SAT,140,641,1763,7.31,1.90,SAT,1,True
hf,hf_1584,8,8,31,384,3447,2.53,2.06,SAT,155,684,1878,7.99,3.21,SAT,1,True
hf,hf_1585,8,8,32,384,3440,2.16,1.99,SAT,160,720,2027,8.55,2.69,SAT,1,True
hf,hf_1586,8,8,30,384,3459,2.47,2.01,SAT,150,719,2204,8.43,2.49,SAT,1,True
hf,hf_1587,8,8,30,384,3474,2.42,1.97,SAT,150,707,2111,8.49,2.48,SAT,1,True
hf,hf_1588,8,8,31,384,3470,2.62,2.05,SAT,155,711,2026,8.28,2.25,SAT,1,True
hf,hf_1589,8,8,33,384,3451,2.30,1.97,SAT,165,769,2283,8.97,3.05,SAT,1,True
hf,hf_1590,8,8,33,384,3459,2.49,2.12,SAT,165,786,2387,9.37,2.83,SAT,1,True
hf,hf_1591,17,23,287,2346,22839,16.31,13.01,SAT,1435,11063,48108,150.84,116.15,SAT,1,True
hf,hf_1592,8,8,35,384,3444,2.29,2.04,SAT,175,842,2635,10.40,3.45,SAT,1,True
hf,hf_1593,19,22,307,2508,24475,18.19,13.66,SAT,1535,12238,55412,157.21,113.29,SAT,1,True
hf,hf_1594,9,9,43,486,4446,3.09,2.55,SAT,215,1071,3263,13.29,10.21,SAT,1,True
hf,hf_1595,9,9,41,486,4452,3.09,2.54,SAT,205,1042,3233,12.90,5.61,SAT,1,True
hf,hf_1596,9,9,43,486,4460,3.01,2.60,SAT,215,1073,3285,12.81,6.90,SAT,1,True
hf,hf_1597,9,9,38,486,4485,2.94,2.38,SAT,190,959,2954,11.36,2.87,SAT,1,True
hf,hf_1598,19,22,308,2508,24456,17.20,13.85,SAT,1540,12281,55511,159.83,166.91,SAT,1,True
hf,hf_1599,9,9,39,486,4462,3.27,2.53,SAT,195,927,2675,10.57,3.22,SAT,1,True
hf,hf_1600,9,9,40,486,4473,3.17,2.42,SAT,200,995,3038,11.73,3.38,SAT,1,True
hf,hf_1601,9,9,41,486,4474,2.90,2.36,SAT,205,1009,2979,11.57,3.46,SAT,1,True
hf,hf_1602,7,10,36,420,3787,2.34,2.08,SAT,180,866,2648,10.32,3.30,SAT,1,True
hf,hf_1603,7,10,33,420,3805,2.80,2.12,SAT,165,763,2184,9.17,2.57,SAT,1,True
hf,hf_1604,9,9,44,486,4447,2.95,2.53,SAT,220,1123,3558,14.07,4.21,SAT,1,True
hf,hf_1605,9,9,41,486,4447,3.58,2.42,SAT,205,1027,3154,13.15,4.62,SAT,1,True
hf,hf_1606,10,10,55,600,5580,3.64,2.93,SAT,275,1441,4528,17.02,7.52,SAT,1,True
hf,hf_1607,10,10,48,600,5614,3.71,2.79,SAT,240,1232,3724,14.60,3.47,SAT,1,True
hf,hf_1608,20,22,324,2640,25816,21.19,14.08,SAT,1620,13082,60139,176.90,118.82,SAT,1,True
hf,hf_1609,17,24,295,2448,23869,17.51,13.97,SAT,1475,11297,48763,151.36,156.78,SAT,1,True
hf,hf_1610,10,10,50,600,5572,4.19,3.00,SAT,250,1271,3838,15.22,3.91,SAT,1,True
hf,hf_1611,10,10,54,600,5561,3.80,3.20,SAT,270,1362,4160,16.75,4.54,SAT,1,True
hf,hf_1612,10,10,56,600,5542,4.44,2.94,SAT,280,1452,4511,17.66,4.98,SAT,1,True
hf,hf_1613,10,10,58,600,5553,3.73,3.21,SAT,290,1552,5039,18.68,5.29,SAT,1,True
hf,hf_1614,10,10,59,600,5547,3.78,3.08,SAT,295,1566,5066,19.26,5.47,SAT,1,True
hf,hf_1615,10,10,55,600,5567,3.79,3.18,SAT,275,1445,4535,17.88,4.46,SAT,1,True
hf,hf_1616,10,10,59,600,5539,3.61,3.02,SAT,295,1592,5225,20.10,5.84,SAT,1,True
hf,hf_1617,10,10,61,600,5535,3.96,3.10,SAT,305,1666,5583,20.03,6.86,SAT,1,True
hf,hf_1618,10,10,58,600,5542,3.79,3.24,SAT,290,1582,5246,18.93,6.07,SAT,1,True
hf,hf_1619,18,23,297,2484,24223,19.39,13.35,SAT,1485,11647,51610,155.09,186.97,SAT,1,True
hf,hf_1620,10,10,54,600,5560,3.71,3.20,SAT,270,1412,4376,16.97,5.11,SAT,1,True
hf,hf_1621,10,10,56,600,5572,4.00,3.18,SAT,280,1492,4788,18.09,13.90,SAT,1,True
hf,hf_1622,10,10,53,600,5559,3.76,2.98,SAT,265,1367,4139,16.31,5.90,SAT,1,True
hf,hf_1623,10,10,54,600,5582,3.75,2.93,SAT,270,1418,4429,17.14,4.75,SAT,1,True
hf,hf_1624,18,23,304,2484,24197,17.64,13.34,SAT,1520,11969,53312,156.42,321.14,SAT,1,True
hf,hf_1625,10,10,58,600,5560,3.85,3.51,SAT,290,1526,4860,19.27,6.07,SAT,1,True
hf,hf_1626,10,10,54,600,5596,4.03,3.06,SAT,270,1332,3945,16.59,4.30,SAT,1,True
hf,hf_1627,10,10,56,600,5537,3.73,3.38,SAT,280,1443,4460,17.64,11.90,SAT,1,True
hf,hf_1628,10,10,58,600,5546,3.58,2.99,SAT,290,1539,4955,19.15,5.44,SAT,1,True
hf,hf_1629,10,10,62,600,5524,3.92,3.14,SAT,310,1680,5608,19.55,6.83,SAT,1,True
hf,hf_1630,10,10,60,600,5538,3.65,2.83,SAT,300,1612,5308,20.72,4.83,SAT,1,True
hf,hf_1631,10,10,59,600,5548,3.65,3.11,SAT,295,1546,5021,19.35,6.20,SAT,1,True
hf,hf_1632,19,22,312,2508,24414,17.58,12.75,SAT,1560,12589,57590,169.41,57.72,SAT,1,True
hf,hf_1633,10,10,61,600,5537,3.51,2.88,SAT,305,1632,5361,19.36,27.46,SAT,1,True
hf,hf_1634,11,11,58,726,6811,4.96,3.66,SAT,290,1455,4400,16.73,4.76,SAT,1,True
hf,hf_1635,17,23,288,2346,22817,16.18,11.59,SAT,1440,11123,48672,141.74,150.51,SAT,1,True
hf,hf_1636,11,11,64,726,6763,4.28,3.44,SAT,320,1697,5414,20.58,6.13,SAT,1,True
hf,hf_1637,11,11,62,726,6812,4.51,3.59,SAT,310,1732,5858,21.02,5.30,SAT,1,True
hf,hf_1638,11,11,71,726,6774,4.50,3.60,SAT,355,1943,6347,23.85,7.83,SAT,1,True
hf,hf_1639,11,11,69,726,6763,4.57,3.53,SAT,345,1843,5763,21.85,5.93,SAT,1,True
hf,hf_1640,11,11,75,726,6765,4.38,3.74,SAT,375,2103,7047,25.19,6.88,SAT,1,True
hf,hf_1641,11,11,75,726,6780,4.35,3.64,SAT,375,2105,7071,25.42,23.44,SAT,1,True
hf,hf_1642,11,11,73,726,6765,4.45,3.61,SAT,365,2059,6897,25.83,7.70,SAT,1,True
hf,hf_1643,12,11,83,792,7427,4.94,4.60,SAT,415,2378,8078,30.06,28.15,SAT,1,True
hf,hf_1644,11,11,61,726,6815,4.50,3.47,SAT,305,1522,4548,18.38,4.57,SAT,1,True
hf,hf_1645,11,11,69,726,6804,4.55,3.63,SAT,345,1859,5961,22.90,11.62,SAT,1,True
hf,hf_1646,11,11,73,726,6767,4.43,3.49,SAT,365,2022,6633,23.96,9.92,SAT,1,True
hf,hf_1647,11,11,71,726,6767,4.49,3.44,SAT,355,1907,6019,22.19,6.18,SAT,1,True
hf,hf_1648,11,11,68,726,6769,4.58,3.47,SAT,340,1825,5807,21.36,17.29,SAT,1,True
hf,hf_1649,11,11,64,726,6772,4.31,3.33,SAT,320,1597,4745,18.59,4.57,SAT,1,True
hf,hf_1650,11,11,72,726,6802,4.37,3.58,SAT,360,2049,6924,23.99,7.34,SAT,1,True
hf,hf_1651,11,11,70,726,6815,4.51,3.77,SAT,350,1837,5746,21.62,15.40,SAT,1,True
hf,hf_1652,18,23,303,2484,24210,17.43,13.77,SAT,1515,11824,52175,150.04,322.57,SAT,1,True
hf,hf_1653,18,23,303,2484,24202,17.70,13.45,SAT,1515,11919,52875,159.92,189.75,SAT,1,True
hf,hf_1654,11,11,71,726,6797,4.71,3.82,SAT,355,1959,6375,23.60,23.44,SAT,1,True
hf,hf_1655,16,26,256,2496,24389,17.26,12.09,SAT,1280,8457,31665,106.86,32.03,SAT,1,True
hf,hf_1656,11,11,71,726,6775,4.50,4.11,SAT,355,1902,5994,22.93,13.60,SAT,1,True
hf,hf_1657,11,11,72,726,6778,5.25,3.81,SAT,360,1974,6406,23.17,14.34,SAT,1,True
hf,hf_1658,17,24,294,2448,23886,17.00,12.60,SAT,1470,11232,47992,145.15,52.01,SAT,1,True
hf,hf_1659,11,11,72,726,6778,4.68,3.46,SAT,360,1966,6350,23.07,6.23,SAT,1,True
hf,hf_1660,11,11,76,726,6766,4.43,3.78,SAT,380,2177,7496,25.45,9.09,SAT,1,True
hf,hf_1661,11,11,71,726,6763,4.56,3.41,SAT,355,1907,6015,21.85,6.82,SAT,1,True
hf,hf_1662,11,11,71,726,6757,4.44,3.49,SAT,355,1933,6177,22.12,6.49,SAT,1,True
hf,hf_1663,11,11,73,726,6779,4.49,3.53,SAT,365,2017,6631,25.38,20.17,SAT,1,True
hf,hf_1664,11,11,73,726,6748,4.33,3.73,SAT,365,2003,6505,24.05,7.47,SAT,1,True
hf,hf_1665,11,11,77,726,6762,4.46,3.73,SAT,385,2177,7409,26.23,11.47,SAT,1,True
hf,hf_1666,11,11,77,726,6763,4.57,3.75,SAT,385,2161,7301,26.46,16.34,SAT,1,True
hf,hf_1667,11,11,75,726,6770,4.23,3.67,SAT,375,2088,6957,24.98,36.43,SAT,1,True
hf,hf_1668,20,22,325,2640,25820,18.63,13.45,SAT,1625,13203,60941,170.89,58.84,SAT,1,True
hf,hf_1669,17,24,299,2448,23835,16.54,13.57,SAT,1495,11629,50803,149.64,51.34,SAT,1,True
hf,hf_1670,17,24,297,2448,23874,17.17,13.95,SAT,1485,11488,49758,150.74,118.08,SAT,1,True
hf,hf_1671,17,24,294,2448,23845,16.77,12.75,SAT,1470,11286,48555,145.84,219.40,SAT,1,True
hf,hf_1672,18,23,302,2484,24202,18.32,13.02,SAT,1510,11784,51977,156.83,393.92,SAT,1,True
hf,hf_1673,18,23,306,2484,24199,16.90,13.57,SAT,1530,12058,53653,165.92,146.21,SAT,1,True
hf,hf_1674,17,24,298,2448,23893,16.78,12.25,SAT,1490,11490,49670,144.76,134.54,SAT,1,True
hf,hf_1675,18,24,311,2592,25315,18.52,13.82,SAT,1555,12211,53859,164.64,58.96,SAT,1,True
hf,hf_1676,17,24,305,2448,23830,17.38,12.96,SAT,1525,11965,52816,159.51,140.81,SAT,1,True
hf,hf_1677,18,23,304,2484,24224,19.21,13.23,SAT,1520,11826,52062,157.39,159.99,SAT,1,True
hf,hf_1678,20,22,329,2640,25769,18.82,14.51,SAT,1645,13454,62796,179.33,119.69,SAT,1,True
hf,hf_1679,17,24,303,2448,23811,16.87,13.23,SAT,1515,11893,52514,151.76,201.68,SAT,1,True
hf,hf_1680,19,23,327,2622,25593,20.62,13.60,SAT,1635,13317,61676,180.99,155.02,SAT,1,True
hf,hf_1681,17,24,298,2448,23874,17.58,13.01,SAT,1490,11453,49402,151.84,435.73,SAT,1,True
hf,hf_1682,17,24,298,2448,23864,17.48,13.34,SAT,1490,11417,49409,147.41,137.94,SAT,1,True
hf,hf_1683,18,24,314,2592,25286,18.91,14.11,SAT,1570,12332,54796,165.41,237.97,SAT,1,True
hf,hf_1684,19,23,321,2622,25599,18.97,14.40,SAT,1605,12861,58481,173.99,67.96,SAT,1,True
hf,hf_1685,19,23,319,2622,25570,17.73,13.73,SAT,1595,12736,57779,168.33,72.53,SAT,1,True
hf,hf_1686,19,23,324,2622,25591,18.80,14.27,SAT,1620,13038,59329,177.01,96.31,SAT,1,True
hf,hf_1687,19,23,319,2622,25576,18.56,14.70,SAT,1595,12713,57496,170.08,165.77,SAT,1,True
hf,hf_1688,16,26,276,2496,24407,19.48,13.86,SAT,1380,9943,40242,134.22,174.44,SAT,1,True
hf,hf_1689,18,24,313,2592,25278,19.23,13.37,SAT,1565,12202,53719,159.24,179.43,SAT,1,True
hf,hf_1690,19,23,325,2622,25578,19.86,14.77,SAT,1625,13126,60173,179.03,634.19,SAT,1,True
hf,hf_1691,16,26,284,2496,24390,17.58,13.97,SAT,1420,10571,43902,140.89,293.66,SAT,1,True
hf,hf_1692,19,23,324,2622,25558,19.90,14.34,SAT,1620,13034,59519,178.45,329.48,SAT,1,True
hf,hf_1693,19,24,315,2736,26753,19.62,15.22,SAT,1575,12035,52378,161.67,55.23,SAT,1,True
hf,hf_1694,19,23,323,2622,25619,20.90,14.22,SAT,1615,12943,58780,177.32,156.79,SAT,1,True
hf,hf_1695,19,24,340,2736,26736,21.23,14.58,SAT,1700,13858,63860,190.65,408.72,SAT,1,True
hf,hf_1696,18,24,318,2592,25296,17.95,13.14,SAT,1590,12635,56634,163.22,106.95,SAT,1,True
hf,hf_1697,19,23,326,2622,25556,18.40,13.13,SAT,1630,13265,61403,175.15,244.54,SAT,1,True
hf,hf_1698,16,26,286,2496,24322,17.42,13.15,SAT,1430,10482,42904,131.54,216.13,SAT,1,True
hf,hf_1699,16,26,286,2496,24375,18.07,12.84,SAT,1430,10661,44408,137.14,146.84,SAT,1,True
hf,hf_1700,17,25,308,2550,24892,19.03,13.66,SAT,1540,11903,51582,165.66,53.55,SAT,1,True
hf,hf_1701,16,26,292,2496,24326,17.51,13.07,SAT,1460,10993,45986,137.65,142.50,SAT,1,True
hf,hf_1702,18,24,320,2592,25288,18.23,13.35,SAT,1600,12790,57655,165.53,56.15,SAT,1,True
hf,hf_1703,18,24,319,2592,25288,18.26,14.50,SAT,1595,12627,56414,164.16,204.72,SAT,1,True
hf,hf_1704,16,26,288,2496,24360,22.10,12.97,SAT,1440,10653,43694,137.04,146.51,SAT,1,True
hf,hf_1705,16,26,299,2496,24288,18.00,12.30,SAT,1495,11382,48228,143.57,42.22,SAT,1,True
hf,hf_1706,18,24,319,2592,25296,18.28,13.77,SAT,1595,12672,56814,166.65,177.61,SAT,1,True
hf,hf_1707,18,24,320,2592,25267,19.97,14.20,SAT,1600,12767,57567,170.27,142.45,SAT,1,True
hf,hf_1708,19,23,330,2622,25576,18.00,14.12,SAT,1650,13380,61688,175.63,151.91,SAT,1,True
hf,hf_1709,19,24,342,2736,26684,20.23,14.85,SAT,1710,13966,64705,193.60,186.03,SAT,1,True
hf,hf_1710,18,24,319,2592,25282,19.14,14.13,SAT,1595,12768,57630,170.97,110.99,SAT,1,True
hf,hf_1711,17,25,312,2550,24841,17.79,13.81,SAT,1560,12087,52595,157.37,201.52,SAT,1,True
hf,hf_1712,22,22,356,2904,28382,19.67,16.49,SAT,1780,14644,69018,205.43,307.61,SAT,1,True
hf,hf_1713,18,26,295,2808,27470,20.17,15.02,SAT,1475,10587,42913,140.16,94.76,SAT,1,True
hf,hf_1714,16,26,299,2496,24327,18.24,12.88,SAT,1495,11405,48467,150.02,78.46,SAT,1,True
hf,hf_1715,16,26,310,2496,24281,18.98,13.70,SAT,1550,11981,51953,162.41,105.80,SAT,1,True
hf,hf_1716,19,24,333,2736,26766,20.12,14.75,SAT,1665,13466,61622,182.04,66.59,SAT,1,True
hf,hf_1717,20,23,344,2760,26986,20.86,15.07,SAT,1720,14173,66607,197.69,113.43,SAT,1,True
hf,hf_1718,19,24,335,2736,26740,20.19,14.96,SAT,1675,13592,62197,184.79,199.02,SAT,1,True
hf,hf_1719,19,24,335,2736,26745,18.66,14.41,SAT,1675,13487,61338,181.49,81.25,SAT,1,True
hf,hf_1720,18,25,336,2700,26330,19.20,14.81,SAT,1680,13349,59894,179.54,367.97,SAT,1,True
hf,hf_1721,19,24,335,2736,26747,19.48,14.60,SAT,1675,13355,60351,177.66,165.32,SAT,1,True
hf,hf_1722,18,25,333,2700,26368,19.72,14.25,SAT,1665,13290,59484,173.90,221.78,SAT,1,True
hf,hf_1723,19,24,338,2736,26692,20.09,14.91,SAT,1690,13761,63438,182.61,138.12,SAT,1,True
hf,hf_1724,19,24,335,2736,26745,21.20,14.90,SAT,1675,13543,62043,186.15,324.41,SAT,1,True
hf,hf_1725,19,25,348,2850,27859,20.12,14.91,SAT,1740,13959,63391,189.29,60.74,SAT,1,True
hf,hf_1726,19,24,337,2736,26719,19.73,15.29,SAT,1685,13519,61349,183.97,219.86,SAT,1,True
hf,hf_1727,19,24,338,2736,26755,18.27,14.66,SAT,1690,13750,63277,177.45,142.43,SAT,1,True
hf,hf_1728,19,24,340,2736,26768,18.60,14.81,SAT,1700,13814,63273,180.27,332.11,SAT,1,True
hf,hf_1729,18,26,347,2808,27462,19.17,15.12,SAT,1735,13968,63314,180.86,473.15,SAT,1,True
hf,hf_1730,19,24,343,2736,26727,18.38,15.19,SAT,1715,14016,64806,183.93,302.56,SAT,1,True
hf,hf_1731,20,24,359,2880,28160,20.71,14.92,SAT,1795,14960,70850,197.00,175.71,SAT,1,True
hf,hf_1732,21,23,363,2898,28359,19.56,15.48,SAT,1815,15197,72776,198.59,329.83,SAT,1,True
hf,hf_1733,19,25,343,2850,27933,19.51,14.58,SAT,1715,13726,61870,178.85,144.18,SAT,1,True
hf,hf_1734,19,25,346,2850,27901,19.97,15.06,SAT,1730,13946,63999,179.97,111.07,SAT,1,True
hf,hf_1735,19,24,345,2736,26728,19.24,15.02,SAT,1725,14142,65838,186.60,451.05,SAT,1,True
hf,hf_1736,19,25,352,2850,27903,20.85,15.42,SAT,1760,14342,66216,194.13,126.55,SAT,1,True
hf,hf_1737,20,24,356,2880,28182,23.26,15.81,SAT,1780,14899,71148,210.44,78.34,SAT,1,True
hf,hf_1738,21,24,377,3024,29620,21.54,16.10,SAT,1885,15824,75775,220.06,246.96,SAT,1,True
hf,hf_1739,20,24,355,2880,28215,21.12,16.36,SAT,1775,14623,68501,202.45,416.29,SAT,1,True
hf,hf_1740,22,23,377,3036,29740,24.46,17.35,SAT,1885,16035,78279,226.26,86.75,SAT,1,True
hf,hf_1741,19,25,350,2850,27885,21.12,15.84,SAT,1750,14385,66896,218.92,156.07,SAT,1,True
hf,hf_1742,22,24,362,3168,31127,24.24,16.70,SAT,1810,14473,65570,204.56,108.75,SAT,1,True
hf,hf_1743,17,27,335,2754,26882,19.29,14.17,SAT,1675,13091,57102,174.07,133.77,SAT,1,True
hf,hf_1744,19,25,358,2850,27853,20.81,16.37,SAT,1790,14795,69331,203.89,105.93,SAT,1,True
hf,hf_1745,18,26,352,2808,27404,20.17,15.34,SAT,1760,14235,64937,189.93,245.13,SAT,1,True
hf,hf_1746,20,25,376,3000,29348,21.15,15.56,SAT,1880,15863,75974,219.90,287.25,SAT,1,True
hf,hf_1747,20,25,372,3000,29403,23.86,15.21,SAT,1860,15442,72626,209.36,119.54,SAT,1,True
hf,hf_1748,20,25,368,3000,29449,21.35,15.79,SAT,1840,15115,70531,200.17,208.70,SAT,1,True
hf,hf_1749,20,24,362,2880,28174,20.45,15.22,SAT,1810,15111,71995,201.58,161.18,SAT,1,True
hf,hf_1750,20,25,375,3000,29421,21.33,16.98,SAT,1875,15704,74720,214.61,369.67,SAT,1,True
hf,hf_1751,18,26,353,2808,27426,21.65,15.12,SAT,1765,14327,65552,195.19,522.82,SAT,1,True
hf,hf_1752,19,27,383,3078,30162,22.66,16.81,SAT,1915,15870,74101,212.81,268.16,SAT,1,True
hf,hf_1753,18,27,355,2916,28548,22.25,17.11,SAT,1775,14167,63703,203.35,325.30,SAT,1,True
hf,hf_1754,20,25,374,3000,29401,23.60,16.18,SAT,1870,15585,73698,223.38,93.22,SAT,1,True
hf,hf_1755,19,26,371,2964,28965,20.56,15.18,SAT,1855,15533,73664,217.43,262.36,SAT,1,True
hf,hf_1756,82,7,373,3444,32468,25.74,18.27,SAT,1865,9741,31404,117.60,349.88,SAT,1,True
hf,hf_1757,18,27,357,2916,28503,23.65,16.10,SAT,1785,14364,64991,199.98,138.43,SAT,1,True
hf,hf_1758,20,25,377,3000,29357,22.84,17.35,SAT,1885,15801,75229,225.03,548.62,SAT,1,True
hf,hf_1759,19,26,369,2964,29023,20.30,16.24,SAT,1845,15219,70807,209.61,77.67,SAT,1,True
hf,hf_1760,18,27,365,2916,28487,20.31,15.82,SAT,1825,14869,68254,204.93,197.97,SAT,1,True
hf,hf_1761,19,27,377,3078,30173,21.47,15.58,SAT,1885,15417,71357,202.07,135.62,SAT,1,True
hf,hf_1762,21,25,395,3150,30907,21.80,16.17,SAT,1975,16961,83022,241.91,99.14,SAT,1,True
hf,hf_1763,19,27,378,3078,30186,20.64,15.73,SAT,1890,15392,70653,202.38,64.22,SAT,1,True
hf,hf_1764,20,26,385,3120,30595,21.56,16.86,SAT,1925,16085,76153,226.34,201.59,SAT,1,True
hf,hf_1765,21,26,398,3276,32153,22.06,17.20,SAT,1990,16700,80164,222.31,98.74,SAT,1,True
hf,hf_1766,19,27,387,3078,30090,21.24,16.07,SAT,1935,16293,77421,226.71,175.30,SAT,1,True
hf,hf_1767,21,25,394,3150,30849,22.58,16.85,SAT,1970,16883,82515,248.97,87.85,SAT,1,True
hf,hf_1768,18,28,376,3024,29609,22.78,17.13,SAT,1880,15280,69587,226.23,338.49,SAT,1,True
hf,hf_1769,19,27,386,3078,30156,22.21,16.06,SAT,1930,16165,76334,218.28,211.86,SAT,1,True
hf,hf_1770,20,26,390,3120,30531,22.05,16.39,SAT,1950,16393,78378,219.78,273.14,SAT,1,True
hf,hf_1771,21,26,422,3276,32086,23.00,16.98,SAT,2110,18687,94661,257.62,594.80,SAT,1,True
hf,hf_1772,19,27,382,3078,30184,21.05,15.51,SAT,1910,15800,73917,215.94,135.24,SAT,1,True
hf,hf_1773,20,26,396,3120,30601,22.85,16.90,SAT,1980,16872,81838,224.94,137.69,SAT,1,True
hf,hf_1774,20,26,394,3120,30593,21.89,17.09,SAT,1970,16739,80875,233.18,610.40,SAT,1,True
hf,hf_1775,22,25,417,3300,32361,23.49,17.58,SAT,2085,18191,91053,289.70,251.26,SAT,1,True
hf,hf_1776,20,28,430,3360,32967,23.95,18.28,SAT,2150,18549,90803,275.97,392.51,SAT,1,True
hf,hf_1777,21,27,428,3402,33379,26.31,18.46,SAT,2140,18573,92019,262.32,186.68,SAT,1,True
hf,hf_1778,20,28,423,3360,32977,24.50,18.70,SAT,2115,18201,88925,242.29,214.04,SAT,1,True
hf,hf_1779,20,28,425,3360,32962,24.05,18.78,SAT,2125,18175,88303,257.40,328.75,SAT,1,True
hf,hf_1780,21,27,432,3402,33402,26.88,17.85,SAT,2160,18769,93007,266.73,101.29,SAT,1,True
hf,hf_1781,22,26,438,3432,33671,25.78,18.87,SAT,2190,19453,99260,276.06,244.99,SAT,1,True
hf,hf_1782,21,27,425,3402,33390,26.14,18.74,SAT,2125,18282,89913,257.20,455.73,SAT,1,True
hf,hf_1783,21,27,427,3402,33451,24.80,18.89,SAT,2135,18472,90987,256.85,226.24,SAT,1,True
hf,hf_1784,21,27,428,3402,33390,25.47,19.03,SAT,2140,18538,91729,263.47,287.98,SAT,1,True
hf,hf_1785,21,28,445,3528,34669,26.22,20.13,SAT,2225,19421,96786,280.66,265.89,SAT,1,True
hf,hf_1786,20,30,453,3600,35212,26.67,19.77,SAT,2265,19615,95934,276.03,81.99,SAT,1,True
hf,hf_1787,21,28,447,3528,34665,25.80,18.62,SAT,2235,19727,99238,294.37,308.35,SAT,1,True
hf,hf_1788,21,28,451,3528,34670,27.35,19.30,SAT,2255,20071,102089,289.59,169.13,SAT,1,True
hf,hf_1789,22,28,474,3696,36371,26.50,20.91,SAT,2370,21316,109568,299.87,713.64,SAT,1,True
hf,hf_1790,22,28,463,3696,36401,26.51,19.17,SAT,2315,20389,103238,283.52,328.86,SAT,1,True
hf,hf_1791,21,29,465,3654,35939,26.09,19.41,SAT,2325,20462,102684,282.63,124.44,SAT,1,True
hf,hf_1792,23,27,474,3726,36673,27.82,20.50,SAT,2370,21407,110951,301.02,332.22,SAT,1,True
hf,hf_1793,22,28,468,3696,36358,26.23,19.47,SAT,2340,20770,105669,292.15,621.02,SAT,1,True
hf,hf_1794,29,36,680,6264,61928,45.13,32.04,SAT,3400,30628,162567,442.22,302.58,SAT,1,True
hf,hf_1795,24,28,510,4032,39752,29.15,22.15,SAT,2550,23391,124750,331.10,224.37,SAT,1,True
hf,hf_1796,22,29,488,3828,37733,26.71,20.45,SAT,2440,21968,113447,302.20,664.23,SAT,1,True
hf,hf_1797,23,30,522,4140,40882,30.81,22.24,SAT,2610,23637,123242,322.59,351.08,SAT,1,True
hf,hf_1798,23,30,538,4140,40804,29.20,25.02,SAT,2690,25199,136468,362.87,1057.03,SAT,1,True
hf,hf_1799,24,30,560,4320,42623,31.35,23.66,SAT,2800,26621,146667,387.44,349.96,SAT,1,True
hf,hf_1800,25,31,609,4650,45905,38.91,25.03,SAT,3045,29725,169025,434.57,385.91,SAT,1,True
hf,hf_1801,32,32,792,6144,61184,45.59,34.96,SAT,3960,41835,261980,690.67,254.20,SAT,1,True
hf,hf_1802,12,12,50,864,8080,5.53,4.26,SAT,250,1138,3002,13.73,3.63,SAT,1,True
hf,hf_1803,12,12,60,864,8150,5.69,4.27,SAT,300,1725,5716,21.42,5.62,SAT,1,True
hf,hf_1804,12,12,57,864,8110,5.16,3.84,SAT,285,1548,4745,18.01,10.16,SAT,1,True
hf,hf_1805,12,12,56,864,8118,5.23,4.06,SAT,280,1411,4346,17.01,6.49,SAT,1,True
hf,hf_1806,12,12,61,864,8113,5.62,4.80,SAT,305,1527,4698,20.22,9.70,SAT,1,True
hf,hf_1807,12,12,57,864,8121,5.42,4.16,SAT,285,1385,4226,17.33,6.23,SAT,1,True
hf,hf_1808,12,12,78,864,8139,5.36,4.40,SAT,390,2117,6805,25.51,17.55,SAT,1,True
hf,hf_1809,12,12,72,864,8124,5.23,4.17,SAT,360,1871,5787,22.22,14.92,SAT,1,True
hf,hf_1810,12,12,57,864,8102,5.30,3.90,SAT,285,1395,4128,16.31,8.82,SAT,1,True
hf,hf_1811,12,12,72,864,8117,5.29,4.22,SAT,360,1959,6417,23.62,20.71,SAT,1,True
hf,hf_1812,12,12,68,864,8094,5.32,4.01,SAT,340,1846,5736,23.45,22.78,SAT,1,True
hf,hf_1813,12,12,65,864,8125,6.46,4.40,SAT,325,1738,5604,24.71,20.99,SAT,1,True
hf,hf_1814,12,12,67,864,8132,5.36,4.04,SAT,335,1816,5908,21.48,6.75,SAT,1,True
hf,hf_1815,12,12,70,864,8120,5.38,4.00,SAT,350,1936,6332,24.25,12.67,SAT,1,True
hf,hf_1816,12,12,76,864,8132,5.35,4.12,SAT,380,2122,6916,25.09,18.15,SAT,1,True
hf,hf_1817,12,12,80,864,8125,5.38,4.34,SAT,400,2225,7366,26.93,36.92,SAT,1,True
hf,hf_1818,12,12,68,864,8117,6.09,4.59,SAT,340,1787,5503,27.94,18.83,SAT,1,True
hf,hf_1819,12,12,83,864,8151,9.32,6.15,SAT,415,2415,8244,35.47,10.98,SAT,1,True
hf,hf_1820,12,12,78,864,8178,5.85,4.37,SAT,390,2112,6841,27.37,39.76,SAT,1,True
hf,hf_1821,12,12,64,864,8116,5.46,4.10,SAT,320,1586,4645,20.08,7.40,SAT,1,True
hf,hf_1822,12,12,88,864,8132,5.20,4.29,SAT,440,2598,8946,31.60,9.25,SAT,1,True
hf,hf_1823,12,12,77,864,8109,5.46,4.60,SAT,385,2056,6471,24.14,7.05,SAT,1,True
hf,hf_1824,12,12,78,864,8137,5.53,4.06,SAT,390,2111,6691,24.99,19.31,SAT,1,True
hf,hf_1825,12,12,70,864,8136,5.23,4.02,SAT,350,1854,5849,22.36,8.55,SAT,1,True
hf,hf_1826,12,12,83,864,8128,5.16,4.11,SAT,415,2294,7414,26.90,23.32,SAT,1,True
hf,hf_1827,12,12,82,864,8151,5.60,4.86,SAT,410,2262,7314,28.94,8.96,SAT,1,True
hf,hf_1828,12,12,57,864,8101,5.31,3.97,SAT,285,1356,3651,15.44,4.20,SAT,1,True
hf,hf_1829,12,12,79,864,8168,5.71,4.79,SAT,395,2242,7452,26.96,7.30,SAT,1,True
hf,hf_1830,12,12,75,864,8143,5.45,4.20,SAT,375,1952,6052,22.42,22.39,SAT,1,True
hf,hf_1831,12,12,84,864,8121,5.01,4.06,SAT,420,2450,8248,27.69,33.50,SAT,1,True
hf,hf_1832,12,12,85,864,8156,5.19,4.02,SAT,425,2480,8416,28.63,7.45,SAT,1,True
hf,hf_1833,12,12,64,864,8114,5.26,4.13,SAT,320,1674,5173,20.03,5.49,SAT,1,True
hf,hf_1834,12,12,83,864,8174,5.40,4.04,SAT,415,2414,8129,27.96,8.79,SAT,1,True
hf,hf_1835,12,12,87,864,8127,5.38,4.40,SAT,435,2519,8465,29.91,57.45,SAT,1,True
hf,hf_1836,12,12,82,864,8139,6.79,5.15,SAT,410,2292,7433,36.23,17.51,SAT,1,True
hf,hf_1837,12,12,90,864,8122,6.22,4.91,SAT,450,2654,9181,34.16,56.43,SAT,1,True
hf,hf_1838,12,12,88,864,8139,5.68,4.61,SAT,440,2578,8814,32.20,54.51,SAT,1,True
hf,hf_1839,12,12,78,864,8152,5.48,4.37,SAT,390,2095,6702,27.10,7.66,SAT,1,True
hf,hf_1840,12,12,86,864,8161,5.48,4.51,SAT,430,2506,8603,30.54,9.12,SAT,1,True
hf,hf_1841,12,12,91,864,8117,5.64,4.61,SAT,455,2697,9405,36.05,9.58,SAT,1,True
hf,hf_1842,12,12,91,864,8130,5.55,4.47,SAT,455,2688,9326,33.04,52.94,SAT,1,True
hf,hf_1843,12,12,87,864,8123,5.89,4.20,SAT,435,2486,8209,30.98,7.39,SAT,1,True
hf,hf_1844,12,12,83,864,8118,5.46,4.09,SAT,415,2355,7885,29.48,48.89,SAT,1,True
hf,hf_1845,12,12,78,864,8127,5.32,4.02,SAT,390,2059,6232,24.71,7.07,SAT,1,True
hf,hf_1846,12,12,87,864,8128,5.98,4.21,SAT,435,2522,8474,29.46,8.98,SAT,1,True
hf,hf_1847,12,12,85,864,8118,5.19,4.04,SAT,425,2459,8108,30.51,9.39,SAT,1,True
hf,hf_1848,12,12,88,864,8129,5.31,4.26,SAT,440,2556,8697,31.21,102.36,SAT,1,True
hf,hf_1849,12,12,88,864,8136,5.42,4.09,SAT,440,2520,8368,30.93,17.90,SAT,1,True
hf,hf_1850,12,12,79,864,8141,5.20,4.18,SAT,395,2160,6807,26.27,8.63,SAT,1,True
hf,hf_1851,12,12,84,864,8142,5.46,4.26,SAT,420,2367,7650,27.94,9.71,SAT,1,True
hf,hf_1852,12,12,90,864,8136,5.33,4.38,SAT,450,2666,9234,32.42,55.64,SAT,1,True
hf,hf_1853,12,12,88,864,8119,5.23,4.49,SAT,440,2561,8690,33.18,34.23,SAT,1,True
hf,hf_1854,12,12,82,864,8124,5.70,4.31,SAT,410,2308,7452,28.02,32.08,SAT,1,True
hf,hf_1855,12,12,91,864,8134,5.30,4.15,SAT,455,2681,9271,31.93,77.07,SAT,1,True
hf,hf_1856,12,12,88,864,8147,5.23,4.14,SAT,440,2573,8746,30.65,45.30,SAT,1,True
hf,hf_1857,12,12,80,864,8135,5.59,4.09,SAT,400,2172,6852,28.36,7.61,SAT,1,True
hf,hf_1858,12,12,85,864,8164,5.26,4.26,SAT,425,2426,8091,28.14,18.09,SAT,1,True
hf,hf_1859,12,12,84,864,8110,5.69,4.25,SAT,420,2354,7517,27.60,11.21,SAT,1,True
hf,hf_1860,12,12,90,864,8136,5.52,4.42,SAT,450,2644,9112,32.45,39.06,SAT,1,True
hf,hf_1861,12,12,81,864,8128,5.15,4.00,SAT,405,2200,6998,26.51,8.05,SAT,1,True
hf,hf_1862,12,12,85,864,8132,5.88,4.30,SAT,425,2393,7779,29.70,7.17,SAT,1,True
hf,hf_1863,12,12,85,864,8145,5.61,4.18,SAT,425,2371,7778,28.29,10.45,SAT,1,True
hf,hf_1864,12,12,91,864,8111,5.17,4.16,SAT,455,2672,9187,31.03,17.47,SAT,1,True
hf,hf_1865,12,12,88,864,8148,5.18,4.07,SAT,440,2519,8460,30.16,8.64,SAT,1,True
hf,hf_1866,12,12,93,864,8108,5.14,4.27,SAT,465,2749,9566,32.63,53.18,SAT,1,True
hf,hf_1867,12,12,81,864,8129,5.44,4.02,SAT,405,2194,6838,27.82,7.56,SAT,1,True
hf,hf_1868,12,12,81,864,8150,5.49,4.29,SAT,405,2177,6860,26.38,9.82,SAT,1,True
hf,hf_1869,12,12,90,864,8129,5.40,4.15,SAT,450,2643,9090,31.29,48.97,SAT,1,True
hf,hf_1870,12,12,60,864,8196,5.63,4.48,SAT,300,1421,4122,18.23,3.92,SAT,1,True
hf,hf_1871,12,12,86,864,8130,5.35,4.16,SAT,430,2546,8644,30.60,8.55,SAT,1,True
hf,hf_1872,12,12,64,864,8122,5.23,4.08,SAT,320,1692,5326,20.18,5.12,SAT,1,True
hf,hf_1873,12,12,83,864,8135,5.22,4.25,SAT,415,2281,7318,26.97,8.21,SAT,1,True
hf,hf_1874,12,12,88,864,8133,5.66,4.00,SAT,440,2552,8628,29.56,7.88,SAT,1,True
hf,hf_1875,12,12,82,864,8133,5.20,3.93,SAT,410,2230,7080,26.00,10.53,SAT,1,True
hf,hf_1876,12,12,86,864,8132,5.12,4.01,SAT,430,2459,8090,29.09,8.27,SAT,1,True
hf,hf_1877,12,12,89,864,8141,5.43,4.17,SAT,445,2575,8692,29.67,52.08,SAT,1,True
hf,hf_1878,12,12,90,864,8144,5.18,4.40,SAT,450,2616,8916,31.61,60.81,SAT,1,True
hf,hf_1879,12,12,89,864,8112,5.27,4.93,SAT,445,2539,8450,30.21,56.76,SAT,1,True
hf,hf_1880,12,12,89,864,8143,5.21,4.30,SAT,445,2614,8956,30.68,43.10,SAT,1,True
hf,hf_1881,12,12,72,864,8118,5.28,4.09,SAT,360,1915,5841,22.69,7.20,SAT,1,True
hf,hf_1882,12,12,89,864,8144,5.12,4.04,SAT,445,2573,8691,30.15,70.56,SAT,1,True
hf,hf_1883,12,12,85,864,8156,5.39,4.48,SAT,425,2407,8050,30.67,46.99,SAT,1,True
hf,hf_1884,12,12,92,864,8116,5.64,4.39,SAT,460,2701,9318,31.52,59.16,SAT,1,True
hf,hf_1885,12,12,90,864,8152,5.44,4.34,SAT,450,2569,8583,31.26,34.70,SAT,1,True
hf,hf_1886,12,12,67,864,8136,5.57,4.17,SAT,335,1662,4974,22.25,8.16,SAT,1,True
hf,hf_1887,12,12,93,864,8106,5.55,4.46,SAT,465,2733,9457,33.13,43.68,SAT,1,True
hf,hf_1888,12,12,85,864,8137,5.66,4.21,SAT,425,2490,8532,31.40,9.98,SAT,1,True
hf,hf_1889,12,12,91,864,8140,5.44,4.24,SAT,455,2710,9491,33.21,9.32,SAT,1,True
hf,hf_1890,12,12,92,864,8108,5.77,4.43,SAT,460,2716,9408,33.29,56.62,SAT,1,True
hf,hf_1891,12,12,82,864,8176,5.33,4.30,SAT,410,2340,7830,27.61,6.84,SAT,1,True
hf,hf_1892,12,12,85,864,8137,5.42,4.39,SAT,425,2403,7882,29.12,8.22,SAT,1,True
hf,hf_1893,12,12,86,864,8150,5.33,4.46,SAT,430,2462,8242,30.06,8.42,SAT,1,True
hf,hf_1894,12,12,91,864,8124,5.16,4.47,SAT,455,2667,9143,32.31,78.23,SAT,1,True
hf,hf_1895,12,12,85,864,8166,5.22,4.01,SAT,425,2454,8239,29.13,8.05,SAT,1,True
hf,hf_1896,12,12,91,864,8108,5.59,4.41,SAT,455,2663,9130,33.96,10.95,SAT,1,True
hf,hf_1897,12,12,87,864,8160,5.49,4.42,SAT,435,2548,8803,33.17,9.60,SAT,1,True
hf,hf_1898,12,12,86,864,8178,5.81,4.38,SAT,430,2502,8430,30.44,8.73,SAT,1,True
hf,hf_1899,12,12,92,864,8099,5.72,4.59,SAT,460,2714,9422,32.94,10.34,SAT,1,True
hf,hf_1900,12,12,86,864,8165,5.22,4.24,SAT,430,2556,8807,32.69,7.69,SAT,1,True
hf,hf_1901,12,12,93,864,8109,5.56,4.49,SAT,465,2735,9480,33.73,85.04,SAT,1,True
hf,hf_1902,12,12,88,864,8151,5.48,4.46,SAT,440,2542,8617,30.16,9.45,SAT,1,True
hf,hf_1903,12,12,92,864,8133,5.17,4.37,SAT,460,2713,9388,33.88,61.92,SAT,1,True
hf,hf_1904,12,12,89,864,8150,5.81,4.57,SAT,445,2607,8922,32.92,32.41,SAT,1,True
hf,hf_1905,12,12,80,864,8128,5.52,4.48,SAT,400,2160,7056,26.94,12.61,SAT,1,True
hf,hf_1906,12,12,84,864,8161,5.45,4.26,SAT,420,2375,7726,28.58,7.60,SAT,1,True
hf,hf_1907,12,12,84,864,8182,5.41,4.71,SAT,420,2399,7970,28.49,8.83,SAT,1,True
hf,hf_1908,12,12,85,864,8150,5.85,4.52,SAT,425,2410,7948,30.53,25.90,SAT,1,True
hf,hf_1909,12,12,92,864,8135,5.70,4.91,SAT,460,2734,9549,34.86,81.65,SAT,1,True
hf,hf_1910,12,12,87,864,8162,5.47,4.23,SAT,435,2486,8262,31.13,8.57,SAT,1,True
hf,hf_1911,12,12,84,864,8184,5.40,4.34,SAT,420,2372,7852,28.85,9.67,SAT,1,True
hf,hf_1912,12,12,92,864,8138,5.33,4.59,SAT,460,2716,9437,32.63,57.36,SAT,1,True
hf,hf_1913,12,12,91,864,8145,5.37,4.42,SAT,455,2682,9280,33.53,46.47,SAT,1,True
hf,hf_1914,12,12,87,864,8126,5.77,4.53,SAT,435,2454,8035,30.28,26.87,SAT,1,True
hf,hf_1915,12,12,89,864,8126,5.70,4.46,SAT,445,2591,8776,32.38,9.45,SAT,1,True
hf,hf_1916,12,12,88,864,8166,5.51,4.59,SAT,440,2560,8792,32.93,25.16,SAT,1,True
hf,hf_1917,12,12,89,864,8124,5.70,4.50,SAT,445,2596,8881,32.42,9.77,SAT,1,True
hf,hf_1918,12,12,84,864,8176,5.74,4.32,SAT,420,2358,7806,28.53,10.87,SAT,1,True
hf,hf_1919,12,12,88,864,8167,5.61,4.28,SAT,440,2520,8464,29.76,30.77,SAT,1,True
hf,hf_1920,12,12,85,864,8166,6.16,4.36,SAT,425,2447,8275,30.82,8.36,SAT,1,True
hf,hf_1921,12,12,86,864,8174,5.44,4.18,SAT,430,2404,7944,30.30,8.25,SAT,1,True
hf,hf_1922,12,12,79,864,8121,5.52,4.73,SAT,395,2141,6707,25.56,7.11,SAT,1,True
hf,hf_1923,12,12,88,864,8123,5.55,4.43,SAT,440,2520,8410,31.94,32.02,SAT,1,True
hf,hf_1924,12,12,80,864,8167,6.13,4.25,SAT,400,2286,7630,29.06,14.53,SAT,1,True
hf,hf_1925,12,12,79,864,8140,5.56,4.48,SAT,395,2144,6789,25.43,7.45,SAT,1,True
hf,hf_1926,12,12,86,864,8186,5.41,4.39,SAT,430,2524,8592,30.74,36.79,SAT,1,True
hf,hf_1927,12,12,90,864,8122,5.41,4.33,SAT,450,2623,8991,33.12,12.40,SAT,1,True
hf,hf_1928,12,12,84,864,8159,5.66,4.30,SAT,420,2455,8272,29.24,30.70,SAT,1,True
hf,hf_1929,12,12,92,864,8126,5.56,4.70,SAT,460,2669,9087,33.02,57.89,SAT,1,True
hf,hf_1930,12,12,84,864,8150,5.56,4.15,SAT,420,2454,8264,28.83,36.69,SAT,1,True
hf,hf_1931,12,12,90,864,8141,5.33,4.08,SAT,450,2645,9110,31.01,55.97,SAT,1,True
hf,hf_1932,12,12,73,864,8129,5.22,3.98,SAT,365,2020,6660,27.89,28.05,SAT,1,True
hf,hf_1933,12,12,88,864,8154,5.59,4.68,SAT,440,2575,8778,31.04,67.88,SAT,1,True
hf,hf_1934,12,12,91,864,8136,5.23,4.18,SAT,455,2657,9084,31.94,50.81,SAT,1,True
hf,hf_1935,12,12,90,864,8139,5.52,4.53,SAT,450,2636,9050,31.62,65.37,SAT,1,True
hf,hf_1936,12,12,92,864,8137,5.24,4.53,SAT,460,2720,9491,32.92,68.36,SAT,1,True
hf,hf_1937,12,12,89,864,8138,5.24,4.28,SAT,445,2617,8990,30.59,39.71,SAT,1,True
hf,hf_1938,12,12,89,864,8154,5.34,4.11,SAT,445,2611,8952,31.86,43.47,SAT,1,True
hf,hf_1939,12,12,86,864,8156,5.44,4.33,SAT,430,2492,8324,29.50,54.49,SAT,1,True
hf,hf_1940,12,12,88,864,8139,5.31,4.31,SAT,440,2492,8180,29.56,24.60,SAT,1,True
hf,hf_1941,12,12,84,864,8136,5.39,4.07,SAT,420,2408,7952,28.72,21.44,SAT,1,True
hf,hf_1942,12,12,86,864,8165,6.15,5.20,SAT,430,2488,8284,30.80,8.04,SAT,1,True
hf,hf_1943,12,12,85,864,8129,5.37,4.49,SAT,425,2468,8397,29.91,28.84,SAT,1,True
hf,hf_1944,12,12,91,864,8139,5.28,4.36,SAT,455,2683,9281,32.88,34.18,SAT,1,True
hf,hf_1945,12,12,87,864,8157,5.38,4.02,SAT,435,2547,8671,31.12,9.36,SAT,1,True
hf,hf_1946,12,12,82,864,8143,5.63,4.42,SAT,410,2229,7048,26.47,6.72,SAT,1,True
hf,hf_1947,12,12,90,864,8145,6.90,4.40,SAT,450,2654,9172,33.88,41.48,SAT,1,True
hf,hf_1948,12,12,77,864,8141,5.45,4.12,SAT,385,2022,6155,24.08,5.98,SAT,1,True
hf,hf_1949,12,12,93,864,8128,5.43,4.25,SAT,465,2754,9609,33.25,67.84,SAT,1,True
hf,hf_1950,12,12,81,864,8132,5.16,4.14,SAT,405,2176,6891,27.26,8.21,SAT,1,True
hf,hf_1951,12,12,83,864,8132,5.39,4.49,SAT,415,2297,7341,28.27,6.92,SAT,1,True
hf,hf_1952,12,12,87,864,8145,5.40,4.25,SAT,435,2498,8396,31.38,35.07,SAT,1,True
hf,hf_1953,12,12,88,864,8164,6.13,4.22,SAT,440,2542,8687,30.32,26.18,SAT,1,True
hf,hf_1954,12,12,89,864,8152,5.26,4.22,SAT,445,2575,8685,29.87,53.37,SAT,1,True
hf,hf_1955,12,12,81,864,8135,5.89,4.09,SAT,405,2185,6879,25.22,6.57,SAT,1,True
hf,hf_1956,12,12,80,864,8151,5.73,4.50,SAT,400,2140,6728,26.97,8.54,SAT,1,True
hf,hf_1957,12,12,87,864,8161,5.62,4.31,SAT,435,2511,8402,31.30,11.18,SAT,1,True
hf,hf_1958,12,12,89,864,8159,5.23,4.18,SAT,445,2602,8889,31.50,19.50,SAT,1,True
hf,hf_1959,12,12,88,864,8167,5.35,4.30,SAT,440,2556,8623,30.28,19.77,SAT,1,True
hf,hf_1960,12,12,89,864,8150,5.55,4.32,SAT,445,2587,8774,30.41,47.81,SAT,1,True
hf,hf_1961,12,12,91,864,8142,5.22,4.39,SAT,455,2698,9370,31.79,25.91,SAT,1,True
hf,hf_1962,12,12,81,864,8184,5.57,4.10,SAT,405,2261,7401,26.61,6.23,SAT,1,True
hf,hf_1963,12,12,91,864,8137,5.30,4.28,SAT,455,2673,9206,34.05,77.36,SAT,1,True
hf,hf_1964,12,12,82,864,8187,5.70,4.35,SAT,410,2233,7196,27.38,7.56,SAT,1,True
hf,hf_1965,12,12,86,864,8137,5.31,4.50,SAT,430,2421,8032,30.56,8.92,SAT,1,True
hf,hf_1966,12,12,88,864,8125,5.36,4.37,SAT,440,2520,8503,30.07,12.96,SAT,1,True
hf,hf_1967,12,12,83,864,8123,5.31,4.24,SAT,415,2373,7995,31.11,28.36,SAT,1,True
hf,hf_1968,12,12,84,864,8128,5.37,4.46,SAT,420,2419,8227,29.70,31.95,SAT,1,True
hf,hf_1969,12,12,79,864,8126,5.31,4.03,SAT,395,2034,6190,24.53,6.72,SAT,1,True
hf,hf_1970,12,12,82,864,8137,5.39,4.15,SAT,410,2228,7183,27.19,7.93,SAT,1,True
hf,hf_1971,12,12,84,864,8148,5.48,4.30,SAT,420,2338,7592,29.09,8.53,SAT,1,True
hf,hf_1972,12,12,84,864,8129,5.15,4.33,SAT,420,2323,7518,26.69,7.74,SAT,1,True
hf,hf_1973,12,12,79,864,8172,5.50,4.09,SAT,395,2186,7046,26.73,6.88,SAT,1,True
hf,hf_1974,12,12,92,864,8138,5.35,4.45,SAT,460,2728,9492,32.41,64.66,SAT,1,True
hf,hf_1975,12,12,86,864,8111,5.47,4.52,SAT,430,2344,7337,28.78,12.64,SAT,1,True
hf,hf_1976,12,12,90,864,8143,5.52,4.50,SAT,450,2619,8912,31.89,45.22,SAT,1,True
hf,hf_1977,12,12,84,864,8133,5.98,4.37,SAT,420,2451,8250,29.27,43.69,SAT,1,True
hf,hf_1978,12,12,80,864,8174,5.52,4.21,SAT,400,2322,7968,28.48,7.91,SAT,1,True
hf,hf_1979,12,12,86,864,8122,5.38,4.23,SAT,430,2428,7912,28.85,9.95,SAT,1,True
hf,hf_1980,12,12,86,864,8129,5.44,4.34,SAT,430,2542,8840,31.53,8.63,SAT,1,True
hf,hf_1981,12,12,85,864,8149,5.54,4.45,SAT,425,2473,8367,29.64,16.67,SAT,1,True
hf,hf_1982,12,12,92,864,8122,5.68,4.33,SAT,460,2708,9373,33.27,30.41,SAT,1,True
hf,hf_1983,12,12,89,864,8131,5.50,4.46,SAT,445,2556,8538,31.21,49.83,SAT,1,True
hf,hf_1984,12,12,90,864,8149,5.25,4.61,SAT,450,2654,9172,31.79,57.24,SAT,1,True
hf,hf_1985,12,12,87,864,8141,5.54,4.29,SAT,435,2558,8795,30.97,8.55,SAT,1,True
hf,hf_1986,12,12,86,864,8178,5.95,4.30,SAT,430,2556,8784,30.93,8.39,SAT,1,True
hf,hf_1987,12,12,87,864,8130,5.58,4.33,SAT,435,2492,8255,29.47,8.25,SAT,1,True
hf,hf_1988,12,12,89,864,8149,5.19,4.27,SAT,445,2605,8922,31.25,8.30,SAT,1,True
hf,hf_1989,12,12,84,864,8171,5.26,4.07,SAT,420,2412,8098,28.38,7.29,SAT,1,True
hf,hf_1990,12,12,85,864,8152,5.35,3.96,SAT,425,2471,8400,29.34,7.62,SAT,1,True
hf,hf_1991,12,12,77,864,8227,5.36,3.89,SAT,385,2066,6455,23.31,5.87,SAT,1,True
hf,hf_1992,12,12,83,864,8171,5.46,4.05,SAT,415,2396,8023,28.10,7.48,SAT,1,True
hf,hf_1993,12,12,88,864,8155,5.17,4.07,SAT,440,2564,8679,29.13,8.34,SAT,1,True
hf,hf_1994,12,12,87,864,8153,5.19,3.97,SAT,435,2505,8336,28.86,7.15,SAT,1,True
hf,hf_1995,12,12,84,864,8162,5.34,4.62,SAT,420,2391,7994,28.06,8.83,SAT,1,True
hf,hf_1996,12,12,85,864,8159,5.25,4.08,SAT,425,2486,8470,29.71,8.15,SAT,1,True
hf,hf_1997,12,12,89,864,8152,5.82,4.03,SAT,445,2613,8944,30.14,8.37,SAT,1,True
hf,hf_1998,12,12,82,864,8212,5.35,4.04,SAT,410,2344,7885,28.61,7.82,SAT,1,True
hf,hf_1999,12,12,90,864,8157,5.40,4.28,SAT,450,2642,9061,30.78,22.50,SAT,1,True
hf,hf_2000,12,12,87,864,8145,5.10,3.97,SAT,435,2500,8324,29.44,8.47,SAT,1,True
hf,hf_2001,12,12,86,864,8127,5.16,4.00,SAT,430,2578,9143,30.45,8.78,SAT,1,True
hf,hf_2002,12,12,89,864,8129,5.15,4.07,SAT,445,2614,9002,30.65,8.53,SAT,1,True
hf,hf_2003,12,12,88,864,8151,5.11,4.32,SAT,440,2615,9081,30.88,8.61,SAT,1,True
hf,hf_2004,12,12,84,864,8191,5.28,4.12,SAT,420,2361,7629,27.19,7.25,SAT,1,True
hf,hf_2005,12,12,89,864,8147,5.23,3.95,SAT,445,2591,8843,30.35,8.62,SAT,1,True
hf,hf_2006,12,12,82,864,8168,5.15,4.06,SAT,410,2363,7994,29.76,8.01,SAT,1,True
hf,hf_2007,12,12,89,864,8144,5.50,4.10,SAT,445,2575,8698,29.77,8.23,SAT,1,True
hf,hf_2008,12,12,81,864,8139,5.28,4.04,SAT,405,2365,8050,27.68,7.77,SAT,1,True
hf,hf_2009,12,12,87,864,8136,5.62,4.03,SAT,435,2494,8272,28.88,26.00,SAT,1,True
hf,hf_2010,12,12,90,864,8146,5.18,4.00,SAT,450,2635,9037,32.27,20.97,SAT,1,True
hf,hf_2011,12,12,87,864,8179,5.23,4.19,SAT,435,2544,8669,29.94,7.83,SAT,1,True
hf,hf_2012,12,12,88,864,8140,5.55,4.17,SAT,440,2557,8636,30.05,9.12,SAT,1,True
hf,hf_2013,12,12,92,864,8128,5.37,4.07,SAT,460,2736,9569,32.42,8.23,SAT,1,True
hf,hf_2014,12,12,83,864,8164,5.38,4.20,SAT,415,2355,7773,26.96,7.25,SAT,1,True
hf,hf_2015,12,12,91,864,8124,5.12,4.35,SAT,455,2693,9352,31.03,41.47,SAT,1,True
hf,hf_2016,12,12,77,864,8120,5.39,4.20,SAT,385,2071,6726,25.03,23.02,SAT,1,True
hf,hf_2017,12,12,89,864,8144,5.28,4.21,SAT,445,2595,8877,31.55,8.32,SAT,1,True
hf,hf_2018,12,12,90,864,8118,5.34,4.37,SAT,450,2650,9125,31.67,12.19,SAT,1,True
hf,hf_2019,12,12,91,864,8133,5.55,4.79,SAT,455,2662,9134,32.18,59.42,SAT,1,True
hf,hf_2020,12,12,88,864,8145,5.37,4.23,SAT,440,2586,8860,31.45,8.05,SAT,1,True
hf,hf_2021,12,12,90,864,8148,5.37,4.32,SAT,450,2696,9453,32.40,9.47,SAT,1,True
hf,hf_2022,12,12,91,864,8132,5.62,4.37,SAT,455,2665,9159,31.32,8.93,SAT,1,True
hf,hf_2023,12,12,90,864,8135,5.86,4.26,SAT,450,2617,8909,32.14,11.49,SAT,1,True
hf,hf_2024,12,12,90,864,8141,5.77,4.44,SAT,450,2656,9178,31.81,9.56,SAT,1,True
hf,hf_2025,12,12,80,864,8158,5.28,3.96,SAT,400,2139,6654,25.31,6.74,SAT,1,True
hf,hf_2026,12,12,91,864,8118,5.51,4.22,SAT,455,2675,9213,31.12,18.16,SAT,1,True
hf,hf_2027,12,12,57,864,8133,5.78,4.35,SAT,285,1383,4184,16.96,6.51,SAT,1,True
hf,hf_2028,12,12,85,864,8140,5.37,4.39,SAT,425,2452,8276,29.55,31.15,SAT,1,True
hf,hf_2029,12,12,90,864,8141,6.06,4.23,SAT,450,2673,9282,32.31,32.07,SAT,1,True
hf,hf_2030,12,12,92,864,8140,5.59,4.18,SAT,460,2726,9510,32.39,20.18,SAT,1,True
hf,hf_2031,12,12,79,864,8158,5.28,4.07,SAT,395,2084,6403,24.97,8.66,SAT,1,True
hf,hf_2032,12,12,89,864,8135,5.52,4.21,SAT,445,2590,8798,30.91,45.65,SAT,1,True
hf,hf_2033,12,12,90,864,8152,5.33,4.14,SAT,450,2604,8780,30.98,13.39,SAT,1,True
hf,hf_2034,12,12,91,864,8132,5.52,4.21,SAT,455,2674,9187,31.34,49.81,SAT,1,True
hf,hf_2035,12,12,92,864,8132,5.74,4.44,SAT,460,2677,9173,33.45,57.85,SAT,1,True
hf,hf_2036,12,12,68,864,8111,5.29,4.18,SAT,340,1761,5404,21.12,11.77,SAT,1,True
hf,hf_2037,12,12,91,864,8134,5.12,4.26,SAT,455,2683,9284,31.78,35.03,SAT,1,True
hf,hf_2038,12,12,82,864,8137,5.43,4.10,SAT,410,2234,7096,26.05,11.31,SAT,1,True
hf,hf_2039,12,12,78,864,8132,5.22,4.11,SAT,390,2091,6677,24.66,21.62,SAT,1,True
hf,hf_2040,12,12,92,864,8133,5.58,4.32,SAT,460,2768,9777,34.02,12.86,SAT,1,True
hf,hf_2041,12,12,90,864,8134,5.27,4.54,SAT,450,2654,9166,31.37,28.06,SAT,1,True
hf,hf_2042,12,12,88,864,8164,5.38,4.16,SAT,440,2512,8368,29.99,23.84,SAT,1,True
hf,hf_2043,12,12,86,864,8129,5.16,4.02,SAT,430,2453,8078,29.77,7.34,SAT,1,True
hf,hf_2044,12,12,79,864,8162,5.44,4.24,SAT,395,2091,6541,24.82,7.32,SAT,1,True
hf,hf_2045,12,12,84,864,8198,5.60,4.23,SAT,420,2336,7704,28.69,8.91,SAT,1,True
hf,hf_2046,12,12,88,864,8150,5.47,4.18,SAT,440,2534,8452,30.69,10.37,SAT,1,True
hf,hf_2047,12,12,74,864,8108,5.45,4.32,SAT,370,1924,5918,22.97,22.27,SAT,1,True
hf,hf_2048,12,12,90,864,8133,5.37,4.25,SAT,450,2644,9064,31.92,8.86,SAT,1,True
hf,hf_2049,12,12,87,864,8153,5.27,4.34,SAT,435,2459,8083,29.18,14.29,SAT,1,True
hf,hf_2050,12,12,90,864,8132,5.33,4.13,SAT,450,2611,8846,30.94,35.29,SAT,1,True
hf,hf_2051,12,12,72,864,8124,5.25,4.18,SAT,360,1836,5372,21.07,5.44,SAT,1,True
hf,hf_2052,12,12,76,864,8125,5.24,4.03,SAT,380,2096,6657,25.13,17.28,SAT,1,True
hf,hf_2053,12,12,90,864,8137,5.65,4.16,SAT,450,2598,8911,30.86,40.03,SAT,1,True
hf,hf_2054,12,12,67,864,8102,5.17,4.21,SAT,335,1753,5315,21.96,9.97,SAT,1,True
hf,hf_2055,12,12,77,864,8105,5.23,4.64,SAT,385,2063,6675,25.30,45.59,SAT,1,True
hf,hf_2056,12,12,91,864,8133,5.49,4.20,SAT,455,2695,9355,32.42,22.57,SAT,1,True
hf,hf_2057,12,12,87,864,8116,5.22,4.10,SAT,435,2426,7817,29.06,29.14,SAT,1,True
hf,hf_2058,12,12,90,864,8133,5.35,4.44,SAT,450,2599,8785,31.11,20.94,SAT,1,True
hf,hf_2059,12,12,88,864,8129,5.33,4.32,SAT,440,2541,8544,30.20,13.21,SAT,1,True
hf,hf_2060,12,12,91,864,8140,5.61,4.39,SAT,455,2667,9162,33.50,20.11,SAT,1,True
hf,hf_2061,12,12,80,864,8161,5.39,4.17,SAT,400,2176,6886,26.42,12.60,SAT,1,True
hf,hf_2062,12,12,92,864,8144,5.02,4.30,SAT,460,2700,9320,31.83,39.02,SAT,1,True
hf,hf_2063,12,12,84,864,8135,5.55,4.67,SAT,420,2330,7677,27.70,32.51,SAT,1,True
hf,hf_2064,12,12,90,864,8136,5.36,5.04,SAT,450,2567,8574,31.60,37.65,SAT,1,True
hf,hf_2065,12,12,71,864,8155,5.57,4.29,SAT,355,1959,6403,23.13,17.63,SAT,1,True
hf,hf_2066,12,12,90,864,8119,5.48,4.14,SAT,450,2648,9116,32.02,9.35,SAT,1,True
hf,hf_2067,12,12,92,864,8129,6.41,4.87,SAT,460,2688,9223,36.20,10.52,SAT,1,True
hf,hf_2068,12,12,90,864,8148,5.38,4.36,SAT,450,2646,9093,33.68,57.18,SAT,1,True
hf,hf_2069,12,12,90,864,8133,5.21,4.06,SAT,450,2630,9002,31.06,9.29,SAT,1,True
hf,hf_2070,12,12,90,864,8130,5.17,3.91,SAT,450,2603,8788,29.99,28.70,SAT,1,True
hf,hf_2071,12,12,92,864,8126,6.27,4.98,SAT,460,2731,9510,40.24,23.59,SAT,1,True
hf,hf_2072,12,12,91,864,8137,6.55,6.90,SAT,455,2675,9240,41.55,58.20,SAT,1,True
hf,hf_2073,12,12,81,864,8080,5.25,4.16,SAT,405,2175,6603,25.73,6.43,SAT,1,True
hf,hf_2074,12,12,88,864,8141,5.27,4.02,SAT,440,2585,8901,30.62,9.70,SAT,1,True
hf,hf_2075,12,12,89,864,8147,5.35,4.39,SAT,445,2570,8679,31.25,56.94,SAT,1,True
hf,hf_2076,12,12,87,864,8147,5.35,4.35,SAT,435,2517,8530,30.49,26.24,SAT,1,True
hf,hf_2077,12,12,83,864,8113,5.32,4.08,SAT,415,2320,7649,27.73,29.55,SAT,1,True
hf,hf_2078,12,12,94,864,8124,5.62,4.18,SAT,470,2808,9905,33.02,44.50,SAT,1,True
hf,hf_2079,12,12,82,864,8080,5.27,3.99,SAT,410,2220,6900,25.37,6.68,SAT,1,True
hf,hf_2080,12,12,91,864,8124,5.68,4.42,SAT,455,2659,9149,31.62,70.62,SAT,1,True
hf,hf_2081,12,12,85,864,8142,5.31,4.16,SAT,425,2342,7567,27.73,10.17,SAT,1,True
hf,hf_2082,12,12,92,864,8129,5.37,4.27,SAT,460,2723,9488,31.73,39.74,SAT,1,True
hf,hf_2083,12,12,86,864,8167,5.27,4.17,SAT,430,2415,7937,28.95,9.96,SAT,1,True
hf,hf_2084,12,12,86,864,8163,5.34,4.24,SAT,430,2429,7928,29.70,26.99,SAT,1,True
hf,hf_2085,12,12,86,864,8159,5.32,4.45,SAT,430,2433,7964,29.24,10.28,SAT,1,True
hf,hf_2086,12,12,92,864,8139,5.45,4.58,SAT,460,2748,9629,32.67,66.93,SAT,1,True
hf,hf_2087,12,12,90,864,8133,5.14,4.10,SAT,450,2610,8853,31.82,57.04,SAT,1,True
hf,hf_2088,12,12,91,864,8127,5.38,4.24,SAT,455,2714,9549,32.07,13.29,SAT,1,True
hf,hf_2089,12,12,85,864,8117,5.53,4.11,SAT,425,2378,7933,30.14,11.05,SAT,1,True
hf,hf_2090,12,12,87,864,8152,5.37,4.06,SAT,435,2498,8364,29.73,10.83,SAT,1,True
hf,hf_2091,12,12,66,864,8132,5.81,4.19,SAT,330,1677,5107,19.08,9.18,SAT,1,True
hf,hf_2092,12,12,91,864,8123,5.15,4.02,SAT,455,2625,8866,31.04,35.39,SAT,1,True
hf,hf_2093,12,12,90,864,8133,5.29,4.33,SAT,450,2653,9062,31.34,43.33,SAT,1,True
hf,hf_2094,12,12,72,864,8114,5.20,3.94,SAT,360,1969,6276,23.72,6.98,SAT,1,True
hf,hf_2095,12,12,64,864,8080,5.17,3.75,SAT,320,1484,3959,16.96,3.91,SAT,1,True
hf,hf_2096,12,12,86,864,8127,5.25,4.08,SAT,430,2437,7998,28.42,27.53,SAT,1,True
hf,hf_2097,12,12,88,864,8140,5.29,4.57,SAT,440,2572,8756,31.36,48.23,SAT,1,True
hf,hf_2098,12,12,91,864,8116,5.13,4.09,SAT,455,2639,8979,32.05,59.62,SAT,1,True
hf,hf_2099,12,12,82,864,8213,5.51,4.19,SAT,410,2298,7491,27.32,12.87,SAT,1,True
hf,hf_2100,12,12,93,864,8117,5.17,4.09,SAT,465,2708,9281,32.69,53.98,SAT,1,True
hf,hf_2101,12,12,90,864,8140,5.50,4.17,SAT,450,2570,8678,30.53,50.01,SAT,1,True
hf,hf_2102,12,12,93,864,8131,5.49,4.29,SAT,465,2718,9371,33.56,29.66,SAT,1,True
hf,hf_2103,12,12,91,864,8132,5.61,4.48,SAT,455,2621,8859,31.45,67.07,SAT,1,True
hf,hf_2104,12,12,88,864,8144,5.81,4.81,SAT,440,2605,8922,32.82,57.39,SAT,1,True
hf,hf_2105,12,12,66,864,8126,5.96,4.66,SAT,330,1746,5577,21.90,26.19,SAT,1,True
hf,hf_2106,12,12,91,864,8139,5.50,4.55,SAT,455,2640,8995,33.26,33.57,SAT,1,True
hf,hf_2107,12,12,93,864,8108,5.24,4.75,SAT,465,2759,9642,34.17,64.84,SAT,1,True
hf,hf_2108,12,12,81,864,8080,5.27,4.28,SAT,405,2203,6802,26.40,7.14,SAT,1,True
hf,hf_2109,12,12,85,864,8153,5.67,4.42,SAT,425,2542,9005,31.08,9.50,SAT,1,True
hf,hf_2110,12,12,93,864,8107,5.20,4.36,SAT,465,2747,9573,33.73,82.34,SAT,1,True
hf,hf_2111,12,12,71,864,8080,5.25,4.03,SAT,355,1779,4992,20.62,5.37,SAT,1,True
hf,hf_2112,12,12,76,864,8129,5.47,4.52,SAT,380,2111,6908,25.06,35.86,SAT,1,True
hf,hf_2113,12,12,59,864,8126,5.33,4.16,SAT,295,1446,4469,17.50,7.56,SAT,1,True
hf,hf_2114,12,12,88,864,8146,5.41,4.29,SAT,440,2501,8338,30.31,17.50,SAT,1,True
hf,hf_2115,12,12,69,864,8130,5.43,4.22,SAT,345,1760,5349,20.86,14.16,SAT,1,True
hf,hf_2116,12,12,77,864,8080,5.38,4.27,SAT,385,1997,5756,23.34,5.58,SAT,1,True
hf,hf_2117,12,12,78,864,8135,5.48,4.70,SAT,390,2148,6974,26.08,17.07,SAT,1,True
hf,hf_2118,12,12,82,864,8158,5.50,4.68,SAT,410,2314,7711,28.73,24.52,SAT,1,True
hf,hf_2119,12,12,90,864,8143,5.46,4.51,SAT,450,2601,8796,31.58,51.43,SAT,1,True
hf,hf_2120,12,12,76,864,8135,5.28,4.38,SAT,380,1958,5908,23.69,6.51,SAT,1,True
hf,hf_2121,12,12,89,864,8146,5.18,4.33,SAT,445,2574,8673,31.08,12.30,SAT,1,True
hf,hf_2122,12,12,92,864,8136,5.38,4.27,SAT,460,2694,9284,32.08,39.41,SAT,1,True
hf,hf_2123,12,12,90,864,8137,6.29,4.45,SAT,450,2620,8935,31.82,76.22,SAT,1,True
hf,hf_2124,12,12,80,864,8192,5.56,4.13,SAT,400,2189,7024,26.52,7.00,SAT,1,True
hf,hf_2125,12,12,90,864,8147,5.79,4.42,SAT,450,2601,8796,31.92,45.35,SAT,1,True
hf,hf_2126,12,12,91,864,8116,5.68,4.40,SAT,455,2641,8954,31.75,45.50,SAT,1,True
hf,hf_2127,12,12,90,864,8137,5.32,4.37,SAT,450,2616,8911,31.81,35.01,SAT,1,True
hf,hf_2128,12,12,90,864,8147,5.52,4.09,SAT,450,2634,9040,32.51,10.34,SAT,1,True
hf,hf_2129,12,12,90,864,8131,5.28,4.30,SAT,450,2605,8849,30.87,29.82,SAT,1,True
hf,hf_2130,12,12,72,864,8139,5.29,3.93,SAT,360,1881,5941,22.33,13.33,SAT,1,True
hf,hf_2131,12,12,89,864,8160,5.21,4.15,SAT,445,2587,8766,32.58,68.57,SAT,1,True
hf,hf_2132,12,12,93,864,8122,5.67,4.63,SAT,465,2779,9801,34.28,42.38,SAT,1,True
hf,hf_2133,12,12,89,864,8163,5.55,4.37,SAT,445,2588,8753,31.34,26.89,SAT,1,True
hf,hf_2134,12,12,81,864,8116,5.51,4.45,SAT,405,2315,7792,29.29,29.98,SAT,1,True
hf,hf_2135,12,12,90,864,8141,5.53,4.72,SAT,450,2655,9176,32.84,20.57,SAT,1,True
hf,hf_2136,12,12,82,864,8104,5.20,3.97,SAT,410,2270,7129,27.03,8.12,SAT,1,True
hf,hf_2137,12,12,81,864,8080,5.47,4.17,SAT,405,2179,6593,24.71,5.63,SAT,1,True
hf,hf_2138,12,12,72,864,8119,5.22,4.08,SAT,360,1914,6090,22.34,28.63,SAT,1,True
hf,hf_2139,12,12,74,864,8140,5.36,3.93,SAT,370,1936,6014,22.19,6.81,SAT,1,True
hf,hf_2140,12,12,86,864,8127,5.30,4.16,SAT,430,2445,8145,28.97,9.83,SAT,1,True
hf,hf_2141,12,12,86,864,8142,5.30,4.19,SAT,430,2590,9132,30.79,8.90,SAT,1,True
hf,hf_2142,12,12,80,864,8179,6.05,4.22,SAT,400,2230,7360,26.29,7.22,SAT,1,True
hf,hf_2143,12,12,92,864,8132,5.18,4.14,SAT,460,2720,9474,32.79,10.17,SAT,1,True
hf,hf_2144,12,12,93,864,8125,5.52,4.32,SAT,465,2761,9618,32.92,44.75,SAT,1,True
hf,hf_2145,12,12,92,864,8119,5.15,4.39,SAT,460,2738,9584,32.07,26.79,SAT,1,True
hf,hf_2146,12,12,89,864,8156,5.41,4.14,SAT,445,2595,8827,30.84,20.22,SAT,1,True
hf,hf_2147,12,12,82,864,8080,5.40,4.00,SAT,410,2238,6893,25.62,6.73,SAT,1,True
hf,hf_2148,12,12,71,864,8122,5.61,4.09,SAT,355,1721,4815,19.59,4.68,SAT,1,True
hf,hf_2149,12,12,88,864,8145,5.18,3.98,SAT,440,2546,8592,30.32,8.51,SAT,1,True
hf,hf_2150,12,12,86,864,8152,5.25,4.20,SAT,430,2443,8204,30.07,15.47,SAT,1,True
hf,hf_2151,12,12,88,864,8112,5.15,4.15,SAT,440,2640,9528,30.99,9.34,SAT,1,True
hf,hf_2152,12,12,86,864,8118,5.30,4.12,SAT,430,2454,8062,29.65,8.45,SAT,1,True
hf,hf_2153,12,12,90,864,8135,5.28,4.08,SAT,450,2624,8960,31.28,9.03,SAT,1,True
hf,hf_2154,12,12,92,864,8131,5.38,4.32,SAT,460,2675,9127,32.59,52.09,SAT,1,True
hf,hf_2155,12,12,86,864,8121,5.14,4.42,SAT,430,2424,7972,28.42,38.41,SAT,1,True
hf,hf_2156,12,12,81,864,8148,5.32,4.36,SAT,405,2194,7123,26.42,7.92,SAT,1,True
hf,hf_2157,12,12,91,864,8128,5.34,4.33,SAT,455,2686,9319,32.78,13.48,SAT,1,True
hf,hf_2158,12,12,84,864,8169,5.43,4.10,SAT,420,2360,7880,27.63,9.80,SAT,1,True
hf,hf_2159,12,12,87,864,8151,5.75,4.49,SAT,435,2612,9271,31.25,9.14,SAT,1,True
hf,hf_2160,12,12,91,864,8140,5.38,4.48,SAT,455,2687,9304,32.68,76.10,SAT,1,True
hf,hf_2161,12,12,85,864,8128,5.13,4.02,SAT,425,2457,8209,28.79,8.01,SAT,1,True
hf,hf_2162,12,12,67,864,8117,5.09,3.94,SAT,335,1836,6102,22.30,16.20,SAT,1,True
hf,hf_2163,12,12,92,864,8126,5.18,4.89,SAT,460,2694,9266,31.66,65.29,SAT,1,True
hf,hf_2164,12,12,91,864,8144,5.43,4.39,SAT,455,2714,9513,33.18,9.42,SAT,1,True
hf,hf_2165,12,12,87,864,8165,5.36,4.24,SAT,435,2560,8831,31.47,8.64,SAT,1,True
hf,hf_2166,12,12,80,864,8157,5.52,4.23,SAT,400,2143,6770,26.17,10.98,SAT,1,True
hf,hf_2167,12,12,85,864,8187,6.34,4.33,SAT,425,2466,8201,29.05,8.77,SAT,1,True
hf,hf_2168,12,12,88,864,8154,5.56,4.29,SAT,440,2594,8901,31.12,56.94,SAT,1,True
hf,hf_2169,12,12,72,864,8149,5.45,4.13,SAT,360,1878,5900,22.62,17.43,SAT,1,True
hf,hf_2170,12,12,89,864,8149,5.71,4.31,SAT,445,2629,9040,33.29,9.16,SAT,1,True
hf,hf_2171,12,12,88,864,8136,5.34,4.22,SAT,440,2569,8682,30.87,8.01,SAT,1,True
hf,hf_2172,12,12,86,864,8145,5.48,4.33,SAT,430,2488,8322,30.09,11.25,SAT,1,True
hf,hf_2173,12,12,88,864,8167,5.31,4.54,SAT,440,2560,8690,30.79,9.37,SAT,1,True
hf,hf_2174,12,12,88,864,8124,5.39,4.33,SAT,440,2530,8509,31.32,35.88,SAT,1,True
hf,hf_2175,12,12,92,864,8138,5.46,4.49,SAT,460,2726,9508,33.04,53.18,SAT,1,True
hf,hf_2176,12,12,91,864,8139,5.23,4.34,SAT,455,2721,9517,33.88,43.32,SAT,1,True
hf,hf_2177,12,12,90,864,8139,5.43,4.45,SAT,450,2602,8800,31.15,33.21,SAT,1,True
hf,hf_2178,12,12,88,864,8138,5.49,4.36,SAT,440,2568,8778,31.45,53.69,SAT,1,True
hf,hf_2179,12,12,88,864,8161,5.43,4.44,SAT,440,2548,8660,30.67,8.62,SAT,1,True
hf,hf_2180,12,12,91,864,8137,5.28,4.17,SAT,455,2729,9611,32.89,9.77,SAT,1,True
hf,hf_2181,12,12,90,864,8145,5.35,4.35,SAT,450,2645,9088,31.50,48.48,SAT,1,True
hf,hf_2182,12,12,88,864,8165,5.41,4.33,SAT,440,2590,8908,30.28,8.96,SAT,1,True
hf,hf_2183,12,12,82,864,8175,5.29,4.28,SAT,410,2228,7175,26.49,7.51,SAT,1,True
hf,hf_2184,12,12,80,864,8186,5.49,4.02,SAT,400,2188,7034,25.09,6.97,SAT,1,True
hf,hf_2185,12,12,86,864,8138,5.52,4.18,SAT,430,2481,8362,29.55,22.66,SAT,1,True
hf,hf_2186,12,12,80,864,8112,5.23,4.09,SAT,400,2224,6936,26.05,7.33,SAT,1,True
hf,hf_2187,12,12,88,864,8131,5.55,4.29,SAT,440,2524,8436,29.59,16.55,SAT,1,True
hf,hf_2188,12,12,90,864,8140,5.25,4.06,SAT,450,2672,9294,33.31,10.19,SAT,1,True
hf,hf_2189,12,12,90,864,8152,5.36,4.38,SAT,450,2640,9062,31.63,14.88,SAT,1,True
hf,hf_2190,12,12,88,864,8146,5.43,4.11,SAT,440,2546,8596,31.76,8.63,SAT,1,True
hf,hf_2191,12,12,88,864,8168,5.61,4.74,SAT,440,2532,8556,30.48,11.43,SAT,1,True
hf,hf_2192,12,12,91,864,8139,5.20,4.41,SAT,455,2643,8988,31.34,66.21,SAT,1,True
hf,hf_2193,12,12,88,864,8117,5.28,4.16,SAT,440,2549,8610,30.75,32.14,SAT,1,True
hf,hf_2194,12,12,93,864,8123,5.44,4.88,SAT,465,2749,9589,33.71,67.45,SAT,1,True
hf,hf_2195,12,12,86,864,8173,5.62,4.28,SAT,430,2453,8150,31.32,19.79,SAT,1,True
hf,hf_2196,12,12,88,864,8144,5.72,4.35,SAT,440,2625,9217,32.45,11.66,SAT,1,True
hf,hf_2197,12,12,70,864,8107,5.51,4.06,SAT,350,1798,5585,21.96,8.33,SAT,1,True
hf,hf_2198,12,12,72,864,8128,5.52,4.40,SAT,360,1901,5947,22.93,33.98,SAT,1,True
hf,hf_2199,12,12,91,864,8145,5.84,4.37,SAT,455,2676,9249,32.31,74.73,SAT,1,True
hf,hf_2200,12,12,91,864,8148,5.49,4.31,SAT,455,2646,9041,32.13,48.60,SAT,1,True
hf,hf_2201,12,12,92,864,8135,5.78,4.42,SAT,460,2714,9419,33.08,44.20,SAT,1,True
hf,hf_2202,12,12,90,864,8144,5.45,4.42,SAT,450,2667,9276,33.03,12.64,SAT,1,True
hf,hf_2203,12,12,87,864,8147,5.53,4.34,SAT,435,2583,9061,31.92,9.47,SAT,1,True
hf,hf_2204,12,12,64,864,8164,6.33,4.17,SAT,320,1496,4168,17.50,6.92,SAT,1,True
hf,hf_2205,12,12,84,864,8179,5.27,4.24,SAT,420,2354,7776,27.37,7.57,SAT,1,True
hf,hf_2206,12,12,88,864,8176,5.27,4.54,SAT,440,2544,8577,33.26,9.04,SAT,1,True
hf,hf_2207,12,12,84,864,8184,5.48,4.42,SAT,420,2332,7648,28.22,7.15,SAT,1,True
hf,hf_2208,12,12,90,864,8140,5.58,4.28,SAT,450,2634,9012,32.21,9.66,SAT,1,True
hf,hf_2209,12,12,76,864,8139,5.51,4.28,SAT,380,2187,7440,27.14,7.47,SAT,1,True
hf,hf_2210,12,12,88,864,8122,5.28,4.06,SAT,440,2494,8228,30.13,12.69,SAT,1,True
hf,hf_2211,12,12,84,864,8122,5.27,3.92,SAT,420,2362,7615,27.22,7.24,SAT,1,True
hf,hf_2212,12,12,86,864,8156,5.37,4.20,SAT,430,2463,8228,28.55,9.55,SAT,1,True
hf,hf_2213,12,12,87,864,8166,5.30,3.92,SAT,435,2547,8689,29.81,8.83,SAT,1,True
hf,hf_2214,12,12,85,864,8148,5.38,4.16,SAT,425,2430,8128,28.65,7.26,SAT,1,True
hf,hf_2215,12,12,83,864,8138,5.40,4.17,SAT,415,2380,7983,28.39,18.58,SAT,1,True
hf,hf_2216,12,12,86,864,8154,5.22,4.00,SAT,430,2495,8360,31.81,8.37,SAT,1,True
hf,hf_2217,12,12,90,864,8150,5.25,4.21,SAT,450,2604,8833,31.09,54.43,SAT,1,True
hf,hf_2218,12,12,88,864,8133,5.54,4.18,SAT,440,2567,8770,29.43,27.92,SAT,1,True
hf,hf_2219,12,12,92,864,8121,5.48,4.29,SAT,460,2707,9370,33.22,9.32,SAT,1,True
hf,hf_2220,12,12,89,864,8134,5.46,4.37,SAT,445,2590,8788,30.30,10.47,SAT,1,True
hf,hf_2221,12,12,89,864,8146,5.28,4.05,SAT,445,2623,9025,30.64,12.96,SAT,1,True
hf,hf_2222,12,12,90,864,8130,5.46,4.05,SAT,450,2620,8927,31.33,9.10,SAT,1,True
hf,hf_2223,12,12,88,864,8147,5.31,4.66,SAT,440,2552,8605,29.79,7.75,SAT,1,True
hf,hf_2224,12,12,82,864,8080,5.10,3.94,SAT,410,2224,6848,25.99,7.27,SAT,1,True
hf,hf_2225,12,12,88,864,8164,5.23,4.16,SAT,440,2532,8488,29.58,8.15,SAT,1,True
hf,hf_2226,12,12,92,864,8120,5.11,4.17,SAT,460,2748,9670,32.54,40.86,SAT,1,True
hf,hf_2227,12,12,91,864,8116,5.46,4.26,SAT,455,2671,9191,33.30,10.02,SAT,1,True
hf,hf_2228,12,12,87,864,8124,5.69,4.33,SAT,435,2465,8239,29.06,28.04,SAT,1,True
hf,hf_2229,12,12,90,864,8141,5.21,4.12,SAT,450,2603,8808,31.74,75.17,SAT,1,True
hf,hf_2230,12,12,88,864,8152,5.44,4.14,SAT,440,2569,8732,30.38,8.54,SAT,1,True
hf,hf_2231,12,12,81,864,8136,5.32,4.19,SAT,405,2211,7103,26.64,13.73,SAT,1,True
hf,hf_2232,12,12,93,864,8129,5.47,4.34,SAT,465,2776,9766,33.15,61.78,SAT,1,True
hf,hf_2233,12,12,88,864,8160,5.46,4.42,SAT,440,2492,8208,29.43,47.44,SAT,1,True
hf,hf_2234,12,12,93,864,8133,5.24,4.47,SAT,465,2754,9612,33.29,12.07,SAT,1,True
hf,hf_2235,12,12,84,864,8160,5.58,4.22,SAT,420,2351,7886,28.95,13.97,SAT,1,True
hf,hf_2236,12,12,88,864,8147,5.47,4.27,SAT,440,2515,8420,31.01,10.39,SAT,1,True
hf,hf_2237,12,12,83,864,8189,5.29,4.11,SAT,415,2342,7761,28.62,8.11,SAT,1,True
hf,hf_2238,12,12,92,864,8134,5.46,4.20,SAT,460,2718,9426,33.03,23.44,SAT,1,True
hf,hf_2239,12,12,88,864,8140,5.11,4.34,SAT,440,2522,8450,29.58,52.10,SAT,1,True
hf,hf_2240,12,12,83,864,8140,5.21,3.98,SAT,415,2357,7861,27.21,21.04,SAT,1,True
hf,hf_2241,12,12,91,864,8140,5.27,4.34,SAT,455,2699,9395,32.50,81.70,SAT,1,True
hf,hf_2242,12,12,91,864,8117,5.43,4.34,SAT,455,2596,8683,30.93,9.57,SAT,1,True
hf,hf_2243,12,12,81,864,8131,5.28,3.95,SAT,405,2176,7017,25.35,6.37,SAT,1,True
hf,hf_2244,12,12,83,864,8192,5.30,4.11,SAT,415,2279,7455,26.65,8.21,SAT,1,True
hf,hf_2245,12,12,88,864,8129,5.44,4.12,SAT,440,2548,8600,31.27,8.76,SAT,1,True
hf,hf_2246,12,12,85,864,8163,5.52,4.25,SAT,425,2403,8057,27.71,22.48,SAT,1,True
hf,hf_2247,12,12,82,864,8136,5.31,4.04,SAT,410,2288,7292,27.68,6.73,SAT,1,True
hf,hf_2248,12,12,69,864,8143,5.42,4.18,SAT,345,1770,5408,20.89,12.11,SAT,1,True
hf,hf_2249,12,12,55,864,8095,5.55,3.90,SAT,275,1290,3806,14.86,8.25,SAT,1,True
hf,hf_2250,12,12,86,864,8178,5.30,4.10,SAT,430,2407,7940,29.80,19.37,SAT,1,True
hf,hf_2251,12,12,90,864,8100,5.05,4.31,SAT,450,2619,8984,30.90,9.34,SAT,1,True
hf,hf_2252,12,12,84,864,8140,5.63,4.22,SAT,420,2390,7874,27.82,8.31,SAT,1,True
hf,hf_2253,12,12,87,864,8163,5.35,4.14,SAT,435,2522,8567,30.16,8.44,SAT,1,True
hf,hf_2254,12,12,89,864,8144,5.30,4.17,SAT,445,2586,8795,30.14,32.62,SAT,1,True
hf,hf_2255,12,12,90,864,8142,5.32,4.10,SAT,450,2642,9062,30.80,15.21,SAT,1,True
hf,hf_2256,12,12,83,864,8135,5.27,4.12,SAT,415,2269,7312,26.24,30.96,SAT,1,True
hf,hf_2257,12,12,84,864,8189,5.35,3.97,SAT,420,2412,8136,28.57,7.43,SAT,1,True
hf,hf_2258,12,12,86,864,8143,5.26,4.43,SAT,430,2401,8001,28.37,48.11,SAT,1,True
hf,hf_2259,12,12,88,864,8158,5.21,4.79,SAT,440,2518,8402,29.41,37.71,SAT,1,True
hf,hf_2260,12,12,90,864,8139,5.29,4.29,SAT,450,2669,9264,31.15,8.73,SAT,1,True
hf,hf_2261,12,12,87,864,8160,5.18,4.35,SAT,435,2459,8225,29.30,7.64,SAT,1,True
hf,hf_2262,12,12,86,864,8125,5.02,4.12,SAT,430,2451,8218,28.39,31.83,SAT,1,True
hf,hf_2263,12,12,90,864,8158,5.40,4.51,SAT,450,2616,8898,30.04,45.35,SAT,1,True
hf,hf_2264,12,12,88,864,8161,5.25,4.00,SAT,440,2551,8622,30.24,17.16,SAT,1,True
hf,hf_2265,12,12,90,864,8131,5.40,4.19,SAT,450,2640,9024,31.33,9.46,SAT,1,True
hf,hf_2266,12,12,91,864,8133,5.06,4.28,SAT,455,2648,9047,31.31,61.32,SAT,1,True
hf,hf_2267,12,12,74,864,8129,5.25,4.00,SAT,370,1934,6084,23.01,10.12,SAT,1,True
hf,hf_2268,12,12,89,864,8137,5.21,4.25,SAT,445,2603,8896,30.59,8.17,SAT,1,True
hf,hf_2269,12,12,88,864,8141,5.41,4.10,SAT,440,2506,8312,29.21,30.18,SAT,1,True
hf,hf_2270,12,12,88,864,8157,5.93,3.96,SAT,440,2555,8653,29.71,8.10,SAT,1,True
hf,hf_2271,12,12,79,864,8173,5.58,4.03,SAT,395,2184,6981,25.42,7.78,SAT,1,True
hf,hf_2272,12,12,76,864,8106,5.14,4.09,SAT,380,2030,6550,23.58,16.61,SAT,1,True
hf,hf_2273,12,12,89,864,8138,5.78,4.10,SAT,445,2602,8898,30.42,13.76,SAT,1,True
hf,hf_2274,12,12,88,864,8170,5.27,4.21,SAT,440,2564,8744,30.36,11.72,SAT,1,True
hf,hf_2275,12,12,73,864,8130,5.42,4.09,SAT,365,1870,5592,22.18,8.88,SAT,1,True
hf,hf_2276,12,12,84,864,8141,5.29,4.18,SAT,420,2407,8010,27.90,22.30,SAT,1,True
hf,hf_2277,12,12,74,864,8108,5.25,4.06,SAT,370,1992,6349,23.98,19.62,SAT,1,True
hf,hf_2278,12,12,86,864,8174,5.20,4.24,SAT,430,2500,8420,28.60,8.70,SAT,1,True
hf,hf_2279,12,12,92,864,8133,5.17,4.02,SAT,460,2744,9646,32.13,9.55,SAT,1,True
hf,hf_2280,12,12,88,864,8154,5.57,4.14,SAT,440,2509,8354,28.89,23.39,SAT,1,True
hf,hf_2281,12,12,91,864,8124,5.45,4.04,SAT,455,2675,9265,31.01,35.62,SAT,1,True
hf,hf_2282,12,12,86,864,8163,5.32,4.23,SAT,430,2463,8317,29.02,20.85,SAT,1,True
hf,hf_2283,12,12,86,864,8152,5.34,4.35,SAT,430,2431,7930,27.93,30.42,SAT,1,True
hf,hf_2284,12,12,88,864,8133,6.65,4.94,SAT,440,2551,8632,29.98,30.74,SAT,1,True
hf,hf_2285,12,12,89,864,8147,5.18,4.06,SAT,445,2597,8866,30.82,8.56,SAT,1,True
hf,hf_2286,12,12,89,864,8140,5.22,4.33,SAT,445,2624,9040,30.42,10.37,SAT,1,True
hf,hf_2287,12,12,83,864,8139,5.56,4.33,SAT,415,2298,7561,26.81,8.62,SAT,1,True
hf,hf_2288,12,12,91,864,8134,5.39,4.33,SAT,455,2721,9531,31.68,8.87,SAT,1,True
hf,hf_2289,12,12,86,864,8137,5.15,4.20,SAT,430,2430,8132,28.72,9.44,SAT,1,True
hf,hf_2290,12,12,80,864,8130,5.39,4.25,SAT,400,2307,7484,25.95,7.11,SAT,1,True
hf,hf_2291,12,12,86,864,8158,5.34,3.97,SAT,430,2443,8114,29.29,7.55,SAT,1,True
hf,hf_2292,12,12,90,864,8135,5.47,4.27,SAT,450,2608,8914,31.80,39.76,SAT,1,True
hf,hf_2293,12,12,91,864,8140,5.39,4.40,SAT,455,2690,9339,32.49,9.78,SAT,1,True
hf,hf_2294,12,12,90,864,8121,5.22,4.11,SAT,450,2631,9105,31.35,38.72,SAT,1,True
hf,hf_2295,12,12,89,864,8125,5.72,4.35,SAT,445,2639,9123,32.51,9.13,SAT,1,True
hf,hf_2296,12,12,90,864,8144,5.53,4.50,SAT,450,2696,9466,31.92,9.37,SAT,1,True
hf,hf_2297,12,12,86,864,8166,5.77,4.33,SAT,430,2476,8348,31.02,9.51,SAT,1,True
hf,hf_2298,12,12,91,864,8116,5.40,4.31,SAT,455,2685,9279,32.47,11.94,SAT,1,True
hf,hf_2299,12,12,88,864,8145,5.43,4.27,SAT,440,2545,8659,30.25,8.89,SAT,1,True
hf,hf_2300,12,12,92,864,8137,5.33,4.51,SAT,460,2732,9556,34.14,57.29,SAT,1,True
hf,hf_2301,12,12,88,864,8142,5.32,4.28,SAT,440,2604,8944,30.34,46.73,SAT,1,True
hf,hf_2302,12,12,86,864,8164,5.84,4.46,SAT,430,2412,8014,30.28,17.87,SAT,1,True
hf,hf_2303,12,12,89,864,8147,5.36,4.36,SAT,445,2548,8520,30.50,42.58,SAT,1,True
hf,hf_2304,12,12,90,864,8146,5.47,4.18,SAT,450,2647,9116,31.24,25.56,SAT,1,True
hf,hf_2305,12,12,92,864,8140,5.24,4.19,SAT,460,2704,9368,32.31,50.54,SAT,1,True
hf,hf_2306,12,12,88,864,8158,5.32,4.07,SAT,440,2563,8726,30.26,9.05,SAT,1,True
hf,hf_2307,12,12,83,864,8127,5.17,3.96,SAT,415,2285,7324,26.82,7.43,SAT,1,True
hf,hf_2308,12,12,64,864,8101,5.20,4.03,SAT,320,1561,4378,17.85,4.58,SAT,1,True
hf,hf_2309,12,12,91,864,8140,5.74,4.08,SAT,455,2712,9504,31.47,9.91,SAT,1,True
hf,hf_2310,12,12,93,864,8127,5.15,4.50,SAT,465,2804,9966,33.96,211.31,SAT,1,True
hf,hf_2311,12,12,71,864,8124,5.28,4.46,SAT,355,1880,5951,21.92,18.15,SAT,1,True
hf,hf_2312,12,12,92,864,8123,5.32,4.32,SAT,460,2690,9260,31.88,51.53,SAT,1,True
hf,hf_2313,12,12,84,864,8169,5.62,4.32,SAT,420,2460,8592,30.72,9.61,SAT,1,True
hf,hf_2314,12,12,88,864,8102,5.99,4.89,SAT,440,2481,8128,31.41,15.48,SAT,1,True
hf,hf_2315,12,12,88,864,8107,5.45,4.46,SAT,440,2571,8686,31.84,21.95,SAT,1,True
hf,hf_2316,12,12,88,864,8136,5.33,4.43,SAT,440,2522,8446,31.54,22.31,SAT,1,True
hf,hf_2317,12,12,90,864,8138,5.71,4.21,SAT,450,2647,9180,32.15,9.89,SAT,1,True
hf,hf_2318,12,12,92,864,8125,5.59,4.76,SAT,460,2743,9614,33.80,9.88,SAT,1,True
hf,hf_2319,12,12,88,864,8123,5.32,4.24,SAT,440,2640,9528,32.26,12.59,SAT,1,True
hf,hf_2320,12,12,90,864,8145,5.53,4.32,SAT,450,2611,8907,32.66,9.59,SAT,1,True
hf,hf_2321,12,12,84,864,8144,5.78,4.78,SAT,420,2412,8368,30.98,8.60,SAT,1,True
hf,hf_2322,12,12,89,864,8121,5.35,4.75,SAT,445,2586,8837,30.89,27.25,SAT,1,True
hf,hf_2323,12,12,88,864,8158,5.60,4.46,SAT,440,2578,8964,30.96,25.05,SAT,1,True
hf,hf_2324,12,12,84,864,8140,5.41,4.04,SAT,420,2344,7528,27.96,6.91,SAT,1,True
hf,hf_2325,12,12,72,864,8120,5.84,4.07,SAT,360,1870,5878,23.22,9.12,SAT,1,True
hf,hf_2326,12,12,90,864,8133,5.37,4.22,SAT,450,2620,8942,31.71,9.14,SAT,1,True
hf,hf_2327,12,12,93,864,8115,5.43,4.58,SAT,465,2746,9553,33.61,64.64,SAT,1,True
hf,hf_2328,12,12,93,864,8124,5.31,4.23,SAT,465,2733,9485,35.00,69.85,SAT,1,True
hf,hf_2329,12,12,91,864,8139,6.03,4.39,SAT,455,2673,9230,32.39,35.18,SAT,1,True
hf,hf_2330,12,12,61,864,8120,5.48,4.16,SAT,305,1497,4466,18.19,12.73,SAT,1,True
hf,hf_2331,12,12,88,864,8125,5.55,4.58,SAT,440,2506,8299,30.19,42.00,SAT,1,True
hf,hf_2332,12,12,65,864,8111,5.40,3.93,SAT,325,1660,4965,19.31,11.46,SAT,1,True
hf,hf_2333,12,12,86,864,8144,5.39,4.11,SAT,430,2390,7667,28.99,8.17,SAT,1,True
hf,hf_2334,12,12,84,864,8166,5.66,4.11,SAT,420,2354,7822,28.24,9.12,SAT,1,True
hf,hf_2335,12,12,91,864,8135,5.18,4.55,SAT,455,2665,9161,31.15,17.57,SAT,1,True
hf,hf_2336,12,12,91,864,8128,5.18,4.03,SAT,455,2667,9199,32.08,14.18,SAT,1,True
hf,hf_2337,12,12,94,864,8117,5.19,4.41,SAT,470,2818,9984,33.95,28.52,SAT,1,True
hf,hf_2338,12,12,77,864,8136,6.50,4.84,SAT,385,2091,6649,29.03,10.01,SAT,1,True
hf,hf_2339,12,12,86,864,8165,6.37,5.43,SAT,430,2470,8297,38.74,12.59,SAT,1,True
hf,hf_2340,12,12,82,864,8146,5.69,4.60,SAT,410,2237,7162,27.53,28.01,SAT,1,True
hf,hf_2341,12,12,91,864,8143,5.41,4.54,SAT,455,2662,9175,30.78,42.64,SAT,1,True
hf,hf_2342,12,12,94,864,8121,5.12,4.19,SAT,470,2788,9784,33.24,44.47,SAT,1,True
hf,hf_2343,12,12,73,864,8135,5.35,3.88,SAT,365,1881,5808,22.19,13.10,SAT,1,True
hf,hf_2344,12,12,84,864,8160,5.50,4.33,SAT,420,2313,7463,27.53,8.45,SAT,1,True
hf,hf_2345,12,12,84,864,8124,5.45,4.26,SAT,420,2398,7760,28.72,7.57,SAT,1,True
hf,hf_2346,12,12,74,864,8091,5.30,4.30,SAT,370,1930,5843,22.30,14.30,SAT,1,True
hf,hf_2347,12,12,92,864,8136,5.43,4.17,SAT,460,2686,9218,32.93,41.64,SAT,1,True
hf,hf_2348,12,12,92,864,8127,5.27,4.59,SAT,460,2759,9729,33.48,10.32,SAT,1,True
hf,hf_2349,12,12,84,864,8144,5.45,4.02,SAT,420,2362,7906,27.55,17.81,SAT,1,True
hf,hf_2350,12,12,91,864,8137,5.19,4.23,SAT,455,2711,9496,31.91,10.14,SAT,1,True
hf,hf_2351,12,12,69,864,8121,5.20,4.01,SAT,345,1727,5118,20.14,6.62,SAT,1,True
hf,hf_2352,12,12,71,864,8116,5.31,4.12,SAT,355,1851,5596,21.69,5.33,SAT,1,True
hf,hf_2353,12,12,84,864,8108,5.29,4.36,SAT,420,2276,7220,27.01,29.16,SAT,1,True
hf,hf_2354,12,12,88,864,8123,5.51,4.54,SAT,440,2524,8420,29.48,65.22,SAT,1,True
hf,hf_2355,12,12,87,864,8118,5.33,4.18,SAT,435,2497,8374,29.68,8.40,SAT,1,True
hf,hf_2356,12,12,92,864,8138,5.33,4.18,SAT,460,2706,9368,32.82,41.11,SAT,1,True
hf,hf_2357,12,12,91,864,8143,5.25,4.22,SAT,455,2652,9123,31.23,14.32,SAT,1,True
hf,hf_2358,12,12,84,864,8163,5.96,4.07,SAT,420,2356,7850,30.31,7.53,SAT,1,True
hf,hf_2359,12,12,90,864,8136,5.24,4.21,SAT,450,2624,8984,31.91,9.02,SAT,1,True
hf,hf_2360,12,12,92,864,8134,5.16,4.25,SAT,460,2714,9424,32.41,38.94,SAT,1,True
hf,hf_2361,12,12,86,864,8117,5.48,4.15,SAT,430,2451,8051,29.18,37.13,SAT,1,True
hf,hf_2362,12,12,80,864,8115,5.50,4.04,SAT,400,2157,6871,25.26,25.28,SAT,1,True
hf,hf_2363,12,12,90,864,8150,5.18,4.31,SAT,450,2624,8972,31.01,9.12,SAT,1,True
hf,hf_2364,12,12,86,864,8137,5.48,4.06,SAT,430,2462,8194,29.29,19.54,SAT,1,True
hf,hf_2365,12,12,89,864,8133,5.28,4.26,SAT,445,2563,8647,30.26,44.10,SAT,1,True
hf,hf_2366,12,12,89,864,8144,5.40,4.53,SAT,445,2566,8649,30.26,60.53,SAT,1,True
hf,hf_2367,12,12,86,864,8131,5.44,4.07,SAT,430,2491,8311,28.97,8.22,SAT,1,True
hf,hf_2368,12,12,72,864,8124,5.01,4.05,SAT,360,1792,5251,20.35,12.37,SAT,1,True
hf,hf_2369,12,12,90,864,8114,5.31,4.41,SAT,450,2672,9251,32.70,8.62,SAT,1,True
hf,hf_2370,12,12,88,864,8139,5.27,4.10,SAT,440,2500,8296,30.32,15.51,SAT,1,True
hf,hf_2371,12,12,84,864,8158,6.46,4.23,SAT,420,2357,7591,27.38,15.92,SAT,1,True
hf,hf_2372,12,12,85,864,8152,5.25,4.01,SAT,425,2381,7700,29.07,7.42,SAT,1,True
hf,hf_2373,12,12,90,864,8117,5.33,4.20,SAT,450,2603,8798,31.26,55.61,SAT,1,True
hf,hf_2374,12,12,92,864,8125,5.28,4.24,SAT,460,2696,9290,30.75,75.85,SAT,1,True
hf,hf_2375,12,12,74,864,8132,5.27,4.23,SAT,370,2021,6460,23.66,6.91,SAT,1,True
hf,hf_2376,12,12,86,864,8141,5.36,4.19,SAT,430,2450,8171,29.42,57.25,SAT,1,True
hf,hf_2377,12,12,84,864,8145,5.34,4.26,SAT,420,2363,7750,27.47,7.15,SAT,1,True
hf,hf_2378,12,12,90,864,8149,5.63,4.64,SAT,450,2590,8820,31.27,43.42,SAT,1,True
hf,hf_2379,12,12,65,864,8112,5.60,4.34,SAT,325,1601,4645,19.46,9.65,SAT,1,True
hf,hf_2380,12,12,92,864,8137,5.65,4.49,SAT,460,2718,9450,34.34,40.72,SAT,1,True
hf,hf_2381,12,12,93,864,8112,5.47,4.45,SAT,465,2752,9615,33.44,14.78,SAT,1,True
hf,hf_2382,12,12,92,864,8140,5.55,4.67,SAT,460,2696,9327,32.76,82.63,SAT,1,True
hf,hf_2383,12,12,90,864,8129,5.11,4.26,SAT,450,2591,8737,30.31,21.38,SAT,1,True
hf,hf_2384,12,12,86,864,8147,5.87,4.45,SAT,430,2422,7953,28.64,7.64,SAT,1,True
hf,hf_2385,12,12,90,864,8135,5.45,4.22,SAT,450,2638,9061,30.94,54.70,SAT,1,True
hf,hf_2386,12,12,60,864,8105,5.41,4.06,SAT,300,1436,3980,16.52,7.65,SAT,1,True
hf,hf_2387,12,12,92,864,8122,5.15,4.13,SAT,460,2704,9360,31.88,24.20,SAT,1,True
hf,hf_2388,12,12,92,864,8096,5.30,4.32,SAT,460,2708,9384,33.05,8.80,SAT,1,True
hf,hf_2389,12,12,88,864,8145,5.40,4.45,SAT,440,2531,8480,29.98,40.55,SAT,1,True
hf,hf_2390,12,12,85,864,8144,5.40,4.49,SAT,425,2337,7699,28.48,11.39,SAT,1,True
hf,hf_2391,12,12,89,864,8140,5.55,4.50,SAT,445,2549,8575,31.57,61.54,SAT,1,True
hf,hf_2392,12,12,90,864,8136,5.30,4.14,SAT,450,2637,9054,31.96,8.51,SAT,1,True
hf,hf_2393,12,12,86,864,8129,5.67,4.37,SAT,430,2401,7860,28.63,27.25,SAT,1,True
hf,hf_2394,12,12,91,864,8129,5.39,4.37,SAT,455,2676,9249,31.13,39.81,SAT,1,True
hf,hf_2395,12,12,92,864,8115,5.32,4.37,SAT,460,2714,9421,34.71,31.90,SAT,1,True
hf,hf_2396,12,12,88,864,8142,5.41,4.12,SAT,440,2502,8303,29.42,27.58,SAT,1,True
hf,hf_2397,12,12,75,864,8113,5.23,4.31,SAT,375,1992,6335,23.94,27.55,SAT,1,True
hf,hf_2398,12,12,84,864,8167,5.50,4.72,SAT,420,2310,7468,29.94,7.65,SAT,1,True
hf,hf_2399,12,12,91,864,8145,5.76,4.45,SAT,455,2658,9101,32.30,25.93,SAT,1,True
hf,hf_2400,12,12,81,864,8140,6.39,4.45,SAT,405,2248,7299,28.16,12.07,SAT,1,True
hf,hf_2401,12,12,88,864,8143,5.93,4.73,SAT,440,2518,8407,32.50,34.51,SAT,1,True
hf,hf_2402,12,12,92,864,8122,6.13,4.79,SAT,460,2690,9249,33.78,61.19,SAT,1,True
hf,hf_2403,12,12,91,864,8130,5.50,4.55,SAT,455,2676,9216,33.61,56.51,SAT,1,True
hf,hf_2404,12,12,86,864,8148,5.48,4.36,SAT,430,2411,7783,29.81,7.49,SAT,1,True
hf,hf_2405,12,12,91,864,8124,5.37,4.98,SAT,455,2649,9047,32.81,71.75,SAT,1,True
hf,hf_2406,12,12,94,864,8113,5.58,4.60,SAT,470,2787,9761,35.02,15.28,SAT,1,True
hf,hf_2407,12,12,82,864,8138,5.54,4.53,SAT,410,2312,7377,28.50,9.19,SAT,1,True
hf,hf_2408,12,12,91,864,8138,5.37,4.57,SAT,455,2645,9067,32.62,66.00,SAT,1,True
hf,hf_2409,12,12,88,864,8141,5.43,4.26,SAT,440,2496,8226,29.29,34.67,SAT,1,True
hf,hf_2410,12,12,92,864,8117,5.57,4.33,SAT,460,2685,9198,32.38,58.75,SAT,1,True
hf,hf_2411,12,12,91,864,8133,5.53,4.47,SAT,455,2668,9177,32.97,62.73,SAT,1,True
hf,hf_2412,12,12,91,864,8133,5.23,4.27,SAT,455,2674,9221,31.80,46.59,SAT,1,True
hf,hf_2413,12,12,91,864,8140,5.68,4.36,SAT,455,2679,9287,31.26,67.34,SAT,1,True
hf,hf_2414,12,12,84,864,8113,5.22,4.36,SAT,420,2355,7839,27.63,21.18,SAT,1,True
hf,hf_2415,12,12,90,864,8122,5.81,4.56,SAT,450,2598,8775,31.75,41.56,SAT,1,True
hf,hf_2416,12,12,90,864,8151,5.50,4.64,SAT,450,2630,8960,32.68,50.79,SAT,1,True
hf,hf_2417,12,12,91,864,8125,5.90,4.81,SAT,455,2654,9049,31.79,20.34,SAT,1,True
hf,hf_2418,12,12,88,864,8126,5.37,4.40,SAT,440,2556,8548,30.87,30.47,SAT,1,True
hf,hf_2419,12,12,91,864,8124,5.37,4.55,SAT,455,2659,9133,32.32,50.34,SAT,1,True
hf,hf_2420,12,12,83,864,8133,5.70,4.39,SAT,415,2323,7531,28.83,7.71,SAT,1,True
hf,hf_2421,12,12,92,864,8124,5.58,4.28,SAT,460,2682,9202,32.91,65.50,SAT,1,True
hf,hf_2422,12,12,73,864,8150,5.66,4.17,SAT,365,1893,5912,23.65,18.32,SAT,1,True
hf,hf_2423,12,12,88,864,8144,5.73,4.29,SAT,440,2516,8384,29.48,37.65,SAT,1,True
hf,hf_2424,12,12,88,864,8143,5.58,4.45,SAT,440,2485,8310,29.49,43.82,SAT,1,True
hf,hf_2425,12,12,89,864,8123,5.24,4.05,SAT,445,2513,8271,30.55,7.61,SAT,1,True
hf,hf_2426,12,12,92,864,8131,5.40,4.21,SAT,460,2707,9370,31.37,46.63,SAT,1,True
hf,hf_2427,12,12,92,864,8124,5.40,3.98,SAT,460,2714,9492,31.50,9.48,SAT,1,True
hf,hf_2428,12,12,88,864,8126,5.18,4.22,SAT,440,2533,8500,29.99,61.86,SAT,1,True
hf,hf_2429,12,12,94,864,8116,5.18,4.33,SAT,470,2785,9752,33.38,61.59,SAT,1,True
hf,hf_2430,12,12,81,864,8137,5.23,4.04,SAT,405,2134,6618,25.28,7.11,SAT,1,True
hf,hf_2431,12,12,72,864,8108,5.39,4.14,SAT,360,1764,4967,21.02,7.12,SAT,1,True
hf,hf_2432,12,12,94,864,8104,5.80,4.30,SAT,470,2800,9818,33.75,9.86,SAT,1,True
hf,hf_2433,12,12,65,864,8124,5.24,3.96,SAT,325,1632,4834,18.53,10.12,SAT,1,True
hf,hf_2434,12,12,86,864,8132,5.48,4.19,SAT,430,2579,9252,31.03,12.61,SAT,1,True
hf,hf_2435,12,12,68,864,8133,5.30,3.86,SAT,340,1582,4387,18.50,4.57,SAT,1,True
hf,hf_2436,12,12,91,864,8135,5.27,4.23,SAT,455,2681,9313,32.71,26.56,SAT,1,True
hf,hf_2437,12,12,83,864,8127,5.45,4.28,SAT,415,2281,7385,26.70,37.35,SAT,1,True
hf,hf_2438,12,12,91,864,8126,5.07,3.90,SAT,455,2665,9207,31.72,7.89,SAT,1,True
hf,hf_2439,12,12,88,864,8140,5.55,4.20,SAT,440,2480,8102,28.35,19.47,SAT,1,True
hf,hf_2440,12,12,86,864,8131,5.62,3.97,SAT,430,2349,7368,28.03,7.53,SAT,1,True
hf,hf_2441,12,12,88,864,8126,5.12,4.35,SAT,440,2482,8122,29.73,31.00,SAT,1,True
hf,hf_2442,12,12,92,864,8133,5.84,4.27,SAT,460,2716,9456,33.08,52.34,SAT,1,True
hf,hf_2443,12,12,92,864,8139,5.51,4.50,SAT,460,2704,9345,39.12,57.50,SAT,1,True
hf,hf_2444,12,12,84,864,8112,5.57,4.71,SAT,420,2357,7724,29.89,38.53,SAT,1,True
hf,hf_2445,12,12,89,864,8134,5.63,4.83,SAT,445,2536,8524,32.58,54.62,SAT,1,True
hf,hf_2446,12,12,93,864,8122,5.47,4.79,SAT,465,2767,9689,35.08,77.41,SAT,1,True
hf,hf_2447,12,12,90,864,8114,5.56,4.14,SAT,450,2687,9315,32.18,20.05,SAT,1,True
hf,hf_2448,12,12,87,864,8133,5.42,4.23,SAT,435,2416,7928,28.87,9.60,SAT,1,True
hf,hf_2449,12,12,92,864,8141,5.37,4.31,SAT,460,2680,9168,32.12,50.08,SAT,1,True
hf,hf_2450,12,12,93,864,8131,5.40,4.53,SAT,465,2770,9658,33.50,93.25,SAT,1,True
hf,hf_2451,12,12,92,864,8126,5.52,4.50,SAT,460,2686,9213,34.59,38.38,SAT,1,True
hf,hf_2452,12,12,92,864,8137,5.72,4.39,SAT,460,2710,9386,32.12,45.00,SAT,1,True
hf,hf_2453,12,12,76,864,8113,5.16,4.04,SAT,380,2037,6459,23.63,26.13,SAT,1,True
hf,hf_2454,12,12,72,864,8124,5.32,4.19,SAT,360,1894,5897,21.96,6.18,SAT,1,True
hf,hf_2455,12,12,87,864,8148,5.50,4.38,SAT,435,2483,8277,28.68,31.79,SAT,1,True
hf,hf_2456,12,12,88,864,8127,5.39,4.15,SAT,440,2547,8547,30.56,13.48,SAT,1,True
hf,hf_2457,12,12,94,864,8124,5.15,4.22,SAT,470,2786,9752,34.87,73.54,SAT,1,True
hf,hf_2458,12,12,65,864,8107,5.60,4.25,SAT,325,1529,4189,17.71,4.27,SAT,1,True
hf,hf_2459,12,12,85,864,8147,6.32,4.14,SAT,425,2335,7507,28.58,7.02,SAT,1,True
hf,hf_2460,12,12,91,864,8142,5.62,4.52,SAT,455,2661,9134,32.44,42.07,SAT,1,True
hf,hf_2461,12,12,91,864,8113,5.34,4.36,SAT,455,2676,9248,32.46,34.12,SAT,1,True
hf,hf_2462,12,12,80,864,8114,5.19,4.08,SAT,400,2211,7196,25.44,25.56,SAT,1,True
hf,hf_2463,12,12,93,864,8123,5.31,4.16,SAT,465,2743,9505,32.67,50.88,SAT,1,True
hf,hf_2464,12,12,86,864,8121,6.19,4.74,SAT,430,2406,7984,31.35,12.89,SAT,1,True
hf,hf_2465,12,12,94,864,8113,6.02,4.91,SAT,470,2825,10024,35.24,23.67,SAT,1,True
hf,hf_2466,12,12,84,864,8130,5.28,4.30,SAT,420,2347,7751,27.59,24.93,SAT,1,True
hf,hf_2467,12,12,92,864,8135,5.16,4.11,SAT,460,2730,9506,32.65,20.19,SAT,1,True
hf,hf_2468,12,12,92,864,8126,5.24,4.19,SAT,460,2666,9091,31.28,21.94,SAT,1,True
hf,hf_2469,12,12,72,864,8080,5.28,3.87,SAT,360,1834,5475,21.01,5.72,SAT,1,True
hf,hf_2470,12,12,87,864,8178,5.31,4.09,SAT,435,2492,8276,28.99,22.57,SAT,1,True
hf,hf_2471,12,12,91,864,8131,5.20,4.23,SAT,455,2634,8992,31.02,59.28,SAT,1,True
hf,hf_2472,12,12,76,864,8134,5.08,4.03,SAT,380,2021,6517,24.38,8.64,SAT,1,True
hf,hf_2473,12,12,94,864,8115,5.39,4.28,SAT,470,2785,9761,32.91,47.82,SAT,1,True
hf,hf_2474,12,12,88,864,8133,5.41,4.44,SAT,440,2522,8418,32.15,9.88,SAT,1,True
hf,hf_2475,12,12,92,864,8132,5.76,4.60,SAT,460,2677,9151,32.96,53.49,SAT,1,True
hf,hf_2476,12,12,90,864,8148,5.47,4.21,SAT,450,2594,8757,32.04,22.79,SAT,1,True
hf,hf_2477,12,12,78,864,8148,5.41,4.10,SAT,390,2105,6744,25.46,10.17,SAT,1,True
hf,hf_2478,12,12,68,864,8080,5.14,4.08,SAT,340,1636,4603,19.67,6.22,SAT,1,True
hf,hf_2479,12,12,82,864,8131,5.60,4.40,SAT,410,2267,7443,26.77,27.60,SAT,1,True
hf,hf_2480,12,12,87,864,8140,5.48,4.47,SAT,435,2435,7891,29.26,11.88,SAT,1,True
hf,hf_2481,12,12,85,864,8138,5.41,4.34,SAT,425,2391,7972,30.16,14.31,SAT,1,True
hf,hf_2482,12,12,68,864,8080,5.31,4.55,SAT,340,1684,4864,20.01,5.43,SAT,1,True
hf,hf_2483,12,12,79,864,8117,6.41,4.37,SAT,395,2016,5933,23.47,6.93,SAT,1,True
hf,hf_2484,12,12,90,864,8123,5.54,4.54,SAT,450,2628,8972,32.68,72.79,SAT,1,True
hf,hf_2485,12,12,94,864,8112,5.41,4.26,SAT,470,2798,9824,32.75,12.87,SAT,1,True
hf,hf_2486,12,12,88,864,8111,5.20,4.12,SAT,440,2500,8260,29.41,28.71,SAT,1,True
hf,hf_2487,12,12,78,864,8113,5.25,3.96,SAT,390,2081,6388,23.65,12.57,SAT,1,True
hf,hf_2488,12,12,86,864,8184,5.57,4.23,SAT,430,2472,8156,29.75,12.33,SAT,1,True
hf,hf_2489,12,12,90,864,8112,5.40,5.00,SAT,450,2599,8841,31.05,45.01,SAT,1,True
hf,hf_2490,12,12,93,864,8117,5.42,4.61,SAT,465,2720,9393,31.47,63.37,SAT,1,True
hf,hf_2491,12,12,91,864,8126,5.17,4.28,SAT,455,2647,9024,31.35,72.98,SAT,1,True
hf,hf_2492,12,12,93,864,8122,5.33,4.53,SAT,465,2745,9551,31.86,77.55,SAT,1,True
hf,hf_2493,12,12,88,864,8168,5.32,4.06,SAT,440,2486,8228,29.45,23.48,SAT,1,True
hf,hf_2494,12,12,82,864,8144,5.18,4.11,SAT,410,2215,7090,25.53,25.43,SAT,1,True
hf,hf_2495,12,12,88,864,8148,5.24,4.21,SAT,440,2545,8646,28.91,33.75,SAT,1,True
hf,hf_2496,12,12,92,864,8117,5.17,4.10,SAT,460,2646,8960,31.08,35.79,SAT,1,True
hf,hf_2497,12,12,88,864,8133,5.16,3.96,SAT,440,2484,8136,28.20,19.21,SAT,1,True
hf,hf_2498,12,12,91,864,8109,5.21,4.15,SAT,455,2635,8909,29.87,53.46,SAT,1,True
hf,hf_2499,12,12,86,864,8129,5.27,3.87,SAT,430,2373,7691,28.66,10.62,SAT,1,True
hf,hf_2500,12,12,91,864,8135,5.27,4.19,SAT,455,2647,9031,30.61,55.16,SAT,1,True
hf,hf_2501,12,12,90,864,8139,5.57,4.35,SAT,450,2614,8892,32.20,66.34,SAT,1,True
hf,hf_2502,12,12,92,864,8132,5.71,4.67,SAT,460,2713,9424,33.24,91.21,SAT,1,True
hf,hf_2503,12,12,91,864,8142,5.29,4.24,SAT,455,2640,8989,31.63,65.25,SAT,1,True
hf,hf_2504,12,12,91,864,8134,5.34,4.77,SAT,455,2636,9081,32.21,47.74,SAT,1,True
hf,hf_2505,12,12,93,864,8133,5.49,4.46,SAT,465,2718,9379,32.59,75.97,SAT,1,True
hf,hf_2506,12,12,88,864,8132,5.71,4.29,SAT,440,2560,8610,30.71,19.41,SAT,1,True
hf,hf_2507,12,12,75,864,8131,5.28,4.45,SAT,375,1989,6335,22.93,21.90,SAT,1,True
hf,hf_2508,12,12,90,864,8158,5.58,4.10,SAT,450,2602,8820,30.12,44.52,SAT,1,True
hf,hf_2509,12,12,90,864,8155,5.55,4.16,SAT,450,2564,8540,30.06,37.59,SAT,1,True
hf,hf_2510,12,12,86,864,8168,5.22,4.50,SAT,430,2461,8122,28.11,34.25,SAT,1,True
hf,hf_2511,12,12,91,864,8132,5.07,4.34,SAT,455,2624,8893,30.47,46.82,SAT,1,True
hf,hf_2512,12,12,93,864,8108,5.14,4.02,SAT,465,2693,9209,31.35,47.36,SAT,1,True
hf,hf_2513,12,12,90,864,8138,5.80,4.44,SAT,450,2612,8847,30.80,61.47,SAT,1,True
hf,hf_2514,12,12,90,864,8123,5.43,4.20,SAT,450,2594,8758,31.00,54.86,SAT,1,True
hf,hf_2515,12,12,87,864,8152,5.17,4.28,SAT,435,2492,8243,27.85,12.92,SAT,1,True
hf,hf_2516,12,12,93,864,8122,5.51,4.08,SAT,465,2701,9223,31.30,42.55,SAT,1,True
hf,hf_2517,12,12,90,864,8142,5.23,4.18,SAT,450,2598,8798,30.25,64.63,SAT,1,True
hf,hf_2518,12,12,92,864,8131,5.25,4.20,SAT,460,2713,9404,31.08,57.07,SAT,1,True
hf,hf_2519,12,12,93,864,8115,5.19,4.33,SAT,465,2730,9445,32.89,69.55,SAT,1,True
hf,hf_2520,12,12,76,864,8218,5.73,4.00,SAT,380,2016,6460,23.01,5.34,SAT,1,True
hf,hf_2521,12,12,93,864,8124,5.30,4.29,SAT,465,2735,9501,32.33,68.64,SAT,1,True
hf,hf_2522,12,12,88,864,8132,5.25,4.34,SAT,440,2535,8498,29.85,16.77,SAT,1,True
hf,hf_2523,12,12,90,864,8140,5.26,4.07,SAT,450,2636,9030,30.35,8.26,SAT,1,True
hf,hf_2524,12,12,79,864,8103,5.54,4.38,SAT,395,2122,6692,24.66,7.80,SAT,1,True
hf,hf_2525,12,12,92,864,8136,5.15,4.11,SAT,460,2692,9266,30.66,52.52,SAT,1,True
hf,hf_2526,12,12,88,864,8126,5.51,4.10,SAT,440,2450,7982,27.86,28.35,SAT,1,True
hf,hf_2527,12,12,93,864,8110,5.05,4.03,SAT,465,2724,9397,31.06,26.84,SAT,1,True
hf,hf_2528,12,12,92,864,8133,5.19,4.04,SAT,460,2716,9468,33.20,9.71,SAT,1,True
hf,hf_2529,12,12,90,864,8145,5.16,4.07,SAT,450,2607,8819,30.18,37.97,SAT,1,True
hf,hf_2530,12,12,87,864,8136,5.16,4.30,SAT,435,2435,8012,28.04,8.98,SAT,1,True
hf,hf_2531,13,13,19,1014,9575,6.31,4.43,SAT,95,401,1039,4.96,1.23,SAT,1,True
hf,hf_2532,12,12,91,864,8148,5.23,4.14,SAT,455,2610,8861,30.68,53.29,SAT,1,True
hf,hf_2533,12,12,81,864,8121,5.18,3.91,SAT,405,2147,6719,24.39,6.78,SAT,1,True
hf,hf_2534,12,12,91,864,8144,5.22,4.26,SAT,455,2664,9175,30.90,85.25,SAT,1,True
hf,hf_2535,12,12,91,864,8123,5.13,4.16,SAT,455,2653,9079,30.99,59.59,SAT,1,True
hf,hf_2536,12,12,88,864,8153,5.25,4.32,SAT,440,2490,8172,28.75,8.09,SAT,1,True
hf,hf_2537,12,12,86,864,8094,5.12,4.01,SAT,430,2404,7750,27.93,22.87,SAT,1,True
hf,hf_2538,12,12,91,864,8133,5.21,4.42,SAT,455,2685,9284,31.35,127.25,SAT,1,True
hf,hf_2539,12,12,88,864,8122,5.11,3.91,SAT,440,2470,8040,28.21,16.27,SAT,1,True
hf,hf_2540,12,12,93,864,8106,5.21,4.24,SAT,465,2773,9758,32.24,57.44,SAT,1,True
hf,hf_2541,12,12,84,864,8135,5.41,4.09,SAT,420,2294,7441,26.49,9.57,SAT,1,True
hf,hf_2542,12,12,92,864,8141,5.28,4.33,SAT,460,2680,9178,30.40,39.95,SAT,1,True
hf,hf_2543,12,12,93,864,8125,5.21,4.13,SAT,465,2769,9725,32.12,57.40,SAT,1,True
hf,hf_2544,12,12,93,864,8128,5.29,4.27,SAT,465,2740,9541,31.27,71.79,SAT,1,True
hf,hf_2545,12,12,89,864,8118,5.60,4.06,SAT,445,2537,8601,28.87,8.22,SAT,1,True
hf,hf_2546,12,12,89,864,8143,5.32,4.06,SAT,445,2602,8885,29.51,7.66,SAT,1,True
hf,hf_2547,12,12,92,864,8133,5.13,4.19,SAT,460,2691,9288,31.27,59.79,SAT,1,True
hf,hf_2548,12,12,88,864,8141,5.33,4.23,SAT,440,2507,8405,28.60,19.81,SAT,1,True
hf,hf_2549,12,12,92,864,8124,5.14,4.42,SAT,460,2714,9422,30.92,68.22,SAT,1,True
hf,hf_2550,12,12,93,864,8117,5.24,4.07,SAT,465,2732,9442,31.69,52.41,SAT,1,True
hf,hf_2551,12,12,93,864,8106,5.59,4.21,SAT,465,2759,9636,32.82,11.80,SAT,1,True
hf,hf_2552,12,12,92,864,8138,5.37,4.27,SAT,460,2674,9164,31.96,10.24,SAT,1,True
hf,hf_2553,12,12,93,864,8117,5.58,4.52,SAT,465,2747,9534,33.68,61.15,SAT,1,True
hf,hf_2554,12,12,93,864,8123,5.26,4.31,SAT,465,2739,9473,32.72,61.70,SAT,1,True
hf,hf_2555,12,12,90,864,8132,5.35,4.33,SAT,450,2598,8856,31.16,30.57,SAT,1,True
hf,hf_2556,12,12,94,864,8116,5.18,4.55,SAT,470,2799,9821,33.05,64.05,SAT,1,True
hf,hf_2557,12,12,89,864,8136,5.19,4.39,SAT,445,2569,8640,30.76,32.90,SAT,1,True
hf,hf_2558,12,12,88,864,8133,5.19,4.17,SAT,440,2492,8280,30.56,40.87,SAT,1,True
hf,hf_2559,12,12,88,864,8104,5.29,4.41,SAT,440,2522,8480,30.51,7.27,SAT,1,True
hf,hf_2560,12,12,94,864,8114,5.25,4.40,SAT,470,2779,9709,32.56,24.61,SAT,1,True
hf,hf_2561,12,12,94,864,8122,5.21,4.37,SAT,470,2786,9766,33.48,66.16,SAT,1,True
hf,hf_2562,12,12,91,864,8128,6.08,4.47,SAT,455,2637,9050,31.50,9.19,SAT,1,True
hf,hf_2563,12,12,92,864,8120,5.33,4.28,SAT,460,2684,9220,32.27,54.06,SAT,1,True
hf,hf_2564,12,12,93,864,8108,5.20,4.33,SAT,465,2728,9463,32.28,7.87,SAT,1,True
hf,hf_2565,12,12,92,864,8125,5.51,4.23,SAT,460,2697,9296,31.17,9.17,SAT,1,True
hf,hf_2566,12,12,88,864,8137,5.16,4.03,SAT,440,2538,8655,29.44,29.22,SAT,1,True
hf,hf_2567,12,12,93,864,8122,5.66,4.45,SAT,465,2713,9343,31.78,69.85,SAT,1,True
hf,hf_2568,12,12,91,864,8119,5.39,4.15,SAT,455,2635,8971,30.17,79.37,SAT,1,True
hf,hf_2569,12,12,93,864,8105,5.36,4.32,SAT,465,2733,9473,33.26,40.32,SAT,1,True
hf,hf_2570,12,12,93,864,8122,5.23,4.22,SAT,465,2738,9510,32.40,33.43,SAT,1,True
hf,hf_2571,12,12,94,864,8116,5.54,4.16,SAT,470,2769,9630,32.04,53.94,SAT,1,True
hf,hf_2572,12,12,95,864,8100,5.03,4.02,SAT,475,2812,9841,33.12,12.33,SAT,1,True
hf,hf_2573,12,12,93,864,8113,5.18,4.15,SAT,465,2742,9549,31.51,66.92,SAT,1,True
hf,hf_2574,12,12,93,864,8115,6.76,5.27,SAT,465,2748,9591,43.96,62.88,SAT,1,True
hf,hf_2575,12,12,89,864,8160,5.42,4.63,SAT,445,2538,8545,31.05,32.64,SAT,1,True
hf,hf_2576,12,12,95,864,8109,5.06,4.33,SAT,475,2826,9947,32.46,38.03,SAT,1,True
hf,hf_2577,12,12,87,864,8165,5.24,4.01,SAT,435,2509,8393,29.00,10.87,SAT,1,True
hf,hf_2578,12,12,92,864,8128,5.26,3.97,SAT,460,2644,9072,30.30,8.15,SAT,1,True
hf,hf_2579,12,12,89,864,8127,5.10,3.93,SAT,445,2609,9057,30.05,8.98,SAT,1,True
hf,hf_2580,12,12,91,864,8117,5.00,4.02,SAT,455,2604,8783,31.33,37.02,SAT,1,True
hf,hf_2581,12,12,86,864,8096,5.34,4.08,SAT,430,2346,7722,26.59,9.70,SAT,1,True
hf,hf_2582,12,12,93,864,8104,5.73,4.07,SAT,465,2723,9385,31.55,8.78,SAT,1,True
hf,hf_2583,7,13,48,546,4985,3.67,2.95,SAT,240,1137,3331,14.05,10.17,SAT,1,True
hf,hf_2584,12,12,93,864,8116,5.30,4.09,SAT,465,2714,9329,31.16,48.36,SAT,1,True
hf,hf_2585,12,12,93,864,8119,5.22,4.11,SAT,465,2714,9324,31.14,19.55,SAT,1,True
hf,hf_2586,12,12,92,864,8104,5.03,3.96,SAT,460,2682,9194,31.73,15.53,SAT,1,True
hf,hf_2587,12,12,93,864,8115,5.06,4.29,SAT,465,2762,9666,32.34,60.49,SAT,1,True
hf,hf_2588,12,12,93,864,8102,5.03,4.05,SAT,465,2733,9500,31.05,56.22,SAT,1,True
hf,hf_2589,11,12,80,792,7420,4.77,3.83,SAT,400,2252,7438,25.41,12.71,SAT,1,True
hf,hf_2590,12,12,92,864,8123,5.06,3.96,SAT,460,2634,8872,30.10,37.32,SAT,1,True
hf,hf_2591,12,13,100,936,8842,5.62,4.58,SAT,500,2992,10378,35.12,32.20,SAT,1,True
hf,hf_2592,12,12,93,864,8129,5.17,4.28,SAT,465,2758,9633,32.55,43.00,SAT,1,True
hf,hf_2593,13,13,79,1014,9599,6.10,4.50,SAT,395,2283,7931,26.16,9.09,SAT,1,True
hf,hf_2594,12,12,94,864,8122,5.02,4.04,SAT,470,2782,9722,31.33,49.53,SAT,1,True
hf,hf_2595,12,12,92,864,8112,5.11,4.25,SAT,460,2676,9246,31.14,9.50,SAT,1,True
hf,hf_2596,12,12,91,864,8142,5.11,4.07,SAT,455,2674,9233,30.99,58.61,SAT,1,True
hf,hf_2597,12,12,93,864,8129,5.45,4.08,SAT,465,2758,9624,32.31,50.21,SAT,1,True
hf,hf_2598,12,12,94,864,8124,5.18,4.16,SAT,470,2762,9588,31.88,79.21,SAT,1,True
hf,hf_2599,12,12,96,864,8104,6.40,4.30,SAT,480,2860,10112,33.85,21.42,SAT,1,True
hf,hf_2600,12,12,94,864,8123,5.37,4.23,SAT,470,2780,9724,32.03,59.03,SAT,1,True
hf,hf_2601,12,12,95,864,8098,5.13,4.20,SAT,475,2806,9817,33.31,30.00,SAT,1,True
hf,hf_2602,14,12,96,1008,9596,6.12,4.76,SAT,480,2872,10092,33.19,23.93,SAT,1,True
hf,hf_2603,12,12,93,864,8129,5.24,4.14,SAT,465,2762,9668,32.44,56.52,SAT,1,True
hf,hf_2604,12,12,94,864,8113,5.26,4.13,SAT,470,2777,9665,31.97,61.41,SAT,1,True
hf,hf_2605,8,14,45,672,6195,4.02,3.08,SAT,225,998,2625,10.93,3.31,SAT,1,True
hf,hf_2606,13,12,100,936,8833,5.80,4.76,SAT,500,2969,10251,34.81,73.32,SAT,1,True
hf,hf_2607,14,12,100,1008,9583,6.21,4.75,SAT,500,2924,9902,34.19,50.80,SAT,1,True
hf,hf_2608,13,13,107,1014,9619,6.35,5.02,SAT,535,3181,11175,38.48,29.20,SAT,1,True
hf,hf_2609,13,13,101,1014,9643,6.38,5.15,SAT,505,3011,10379,36.69,42.57,SAT,1,True
hf,hf_2610,12,13,98,936,8857,5.90,5.07,SAT,490,2920,10084,34.01,67.99,SAT,1,True
hf,hf_2611,13,13,96,1014,9632,6.37,5.05,SAT,480,2712,9028,31.92,38.95,SAT,1,True
hf,hf_2612,13,13,113,1014,9575,6.73,5.70,SAT,565,3500,12632,43.95,19.10,SAT,1,True
hf,hf_2613,13,13,102,1014,9630,7.18,5.40,SAT,510,3008,10355,38.30,24.42,SAT,1,True
hf,hf_2614,11,13,88,858,8099,5.83,4.54,SAT,440,2486,8186,29.86,44.32,SAT,1,True
hf,hf_2615,12,14,110,1008,9559,6.71,5.78,SAT,550,3338,11753,42.85,71.77,SAT,1,True
hf,hf_2616,13,13,102,1014,9610,6.63,4.89,SAT,510,3031,10425,35.87,9.54,SAT,1,True
hf,hf_2617,13,13,112,1014,9593,6.49,4.89,SAT,560,3415,12096,39.95,82.86,SAT,1,True
hf,hf_2618,13,13,104,1014,9573,6.28,4.84,SAT,520,3072,10284,36.70,15.33,SAT,1,True
hf,hf_2619,13,13,100,1014,9608,6.69,4.73,SAT,500,2985,10066,34.92,8.73,SAT,1,True
hf,hf_2620,13,13,104,1014,9646,6.41,5.09,SAT,520,3096,10598,37.76,66.15,SAT,1,True
hf,hf_2621,13,13,105,1014,9673,6.37,4.99,SAT,525,3185,11244,39.17,10.99,SAT,1,True
hf,hf_2622,13,13,107,1014,9619,6.27,4.86,SAT,535,3187,10893,38.61,46.44,SAT,1,True
hf,hf_2623,13,13,107,1014,9631,6.68,5.23,SAT,535,3206,11038,38.74,19.49,SAT,1,True
hf,hf_2624,13,13,108,1014,9633,6.27,4.74,SAT,540,3376,12156,40.13,11.31,SAT,1,True
hf,hf_2625,13,13,109,1014,9596,6.09,4.89,SAT,545,3310,11605,38.86,95.80,SAT,1,True
hf,hf_2626,13,13,103,1014,9631,6.10,4.77,SAT,515,3124,11057,37.07,12.17,SAT,1,True
hf,hf_2627,13,13,110,1014,9601,6.48,5.02,SAT,550,3390,12056,40.11,79.77,SAT,1,True
hf,hf_2628,14,14,96,1176,11186,7.42,5.70,SAT,480,2870,10152,35.64,74.44,SAT,1,True
hf,hf_2629,13,13,108,1014,9633,6.35,4.98,SAT,540,3287,11584,38.51,52.01,SAT,1,True
hf,hf_2630,13,13,105,1014,9639,6.19,4.70,SAT,525,3170,11007,36.63,10.65,SAT,1,True
hf,hf_2631,13,13,108,1014,9636,6.52,4.77,SAT,540,3275,11494,38.89,11.34,SAT,1,True
hf,hf_2632,13,13,108,1014,9627,6.55,4.95,SAT,540,3255,11312,37.46,54.12,SAT,1,True
hf,hf_2633,13,13,109,1014,9575,6.63,5.29,SAT,545,3208,10911,37.25,50.38,SAT,1,True
hf,hf_2634,13,13,105,1014,9571,6.67,4.67,SAT,525,3133,10637,35.74,9.46,SAT,1,True
hf,hf_2635,13,13,109,1014,9627,6.05,5.03,SAT,545,3317,11869,38.54,25.61,SAT,1,True
hf,hf_2636,15,15,87,1350,12963,8.52,6.00,SAT,435,2143,6175,25.41,9.33,SAT,1,True
hf,hf_2637,13,13,104,1014,9635,6.52,4.67,SAT,520,3084,10688,35.78,9.59,SAT,1,True
hf,hf_2638,13,13,110,1014,9602,6.07,4.81,SAT,550,3333,11724,38.81,112.36,SAT,1,True
hf,hf_2639,11,14,99,924,8703,5.68,4.36,SAT,495,2919,10054,33.37,41.92,SAT,1,True
hf,hf_2640,14,14,111,1176,11293,7.55,5.51,SAT,555,3082,9977,37.01,9.39,SAT,1,True
hf,hf_2641,13,13,112,1014,9602,6.12,4.84,SAT,560,3444,12326,39.65,46.27,SAT,1,True
hf,hf_2642,14,14,104,1176,11237,7.35,5.26,SAT,520,2887,9208,32.62,16.67,SAT,1,True
hf,hf_2643,13,13,109,1014,9631,6.57,4.91,SAT,545,3309,11645,38.36,66.15,SAT,1,True
hf,hf_2644,14,14,124,1176,11247,7.56,5.44,SAT,620,3804,13412,44.60,13.33,SAT,1,True
hf,hf_2645,13,13,110,1014,9615,6.21,4.85,SAT,550,3309,11546,38.43,82.31,SAT,1,True
hf,hf_2646,13,13,111,1014,9617,6.27,4.95,SAT,555,3351,11741,40.85,64.91,SAT,1,True
hf,hf_2647,13,13,109,1014,9606,6.19,4.71,SAT,545,3214,11063,36.87,49.94,SAT,1,True
hf,hf_2648,13,13,112,1014,9603,6.29,4.85,SAT,560,3465,12500,40.21,15.67,SAT,1,True
hf,hf_2649,14,14,124,1176,11193,7.36,5.72,SAT,620,3828,13452,44.52,43.43,SAT,1,True
hf,hf_2650,13,13,113,1014,9600,6.20,5.10,SAT,565,3467,12389,40.43,30.29,SAT,1,True
hf,hf_2651,13,13,112,1014,9609,6.16,5.19,SAT,560,3396,11972,39.20,83.47,SAT,1,True
hf,hf_2652,12,14,110,1008,9540,6.50,5.09,SAT,550,3336,11761,38.56,60.73,SAT,1,True
hf,hf_2653,13,13,110,1014,9609,6.35,4.88,SAT,550,3289,11399,38.82,35.13,SAT,1,True
hf,hf_2654,13,14,118,1092,10405,6.96,5.44,SAT,590,3673,13229,42.72,66.37,SAT,1,True
hf,hf_2655,14,14,122,1176,11248,7.92,5.63,SAT,610,3868,13894,44.71,71.47,SAT,1,True
hf,hf_2656,14,15,108,1260,12015,7.80,5.80,SAT,540,3353,12234,39.92,60.03,SAT,1,True
hf,hf_2657,19,12,139,1368,13104,8.67,6.38,SAT,695,4195,14252,49.20,56.26,SAT,1,True
hf,hf_2658,12,15,118,1080,10268,6.96,5.32,SAT,590,3661,13163,42.83,80.68,SAT,1,True
hf,hf_2659,14,14,122,1176,11250,7.55,5.43,SAT,610,3750,13398,44.45,34.38,SAT,1,True
hf,hf_2660,14,14,122,1176,11240,7.17,5.65,SAT,610,3717,13100,43.58,58.68,SAT,1,True
hf,hf_2661,14,14,123,1176,11201,7.28,5.74,SAT,615,3734,13096,43.51,57.86,SAT,1,True
hf,hf_2662,14,14,123,1176,11204,7.61,5.37,SAT,615,3813,13358,43.73,13.24,SAT,1,True
hf,hf_2663,14,14,124,1176,11209,7.63,5.52,SAT,620,3819,13306,44.99,55.53,SAT,1,True
hf,hf_2664,14,14,132,1176,11216,7.11,5.85,SAT,660,4260,15848,50.92,119.57,SAT,1,True
hf,hf_2665,14,14,124,1176,11204,7.48,5.79,SAT,620,3793,13416,44.47,20.87,SAT,1,True
hf,hf_2666,20,12,149,1440,13828,9.01,6.53,SAT,745,4631,16313,53.90,14.38,SAT,1,True
hf,hf_2667,14,14,130,1176,11222,7.38,5.64,SAT,650,4111,15004,47.82,67.95,SAT,1,True
hf,hf_2668,14,14,130,1176,11213,7.35,5.62,SAT,650,4135,15177,48.20,116.26,SAT,1,True
hf,hf_2669,14,14,125,1176,11245,7.25,5.63,SAT,625,3814,13495,44.02,15.08,SAT,1,True
hf,hf_2670,14,14,126,1176,11211,8.34,6.22,SAT,630,3923,13910,48.15,45.22,SAT,1,True
hf,hf_2671,14,14,130,1176,11221,8.23,6.15,SAT,650,4084,14722,49.08,74.91,SAT,1,True
hf,hf_2672,14,14,128,1176,11207,8.03,6.09,SAT,640,3964,14076,47.26,38.35,SAT,1,True
hf,hf_2673,12,17,112,1224,11735,8.23,5.77,SAT,560,3046,9641,35.42,12.44,SAT,1,True
hf,hf_2674,12,17,130,1224,11695,7.98,6.03,SAT,650,3882,13120,46.42,12.29,SAT,1,True
hf,hf_2675,14,15,125,1260,12032,7.88,6.48,SAT,625,3570,11800,42.40,13.21,SAT,1,True
hf,hf_2676,14,14,130,1176,11229,7.82,6.68,SAT,650,4176,15442,52.15,135.12,SAT,1,True
hf,hf_2677,12,16,114,1152,10985,7.52,5.83,SAT,570,3197,10437,38.08,11.54,SAT,1,True
hf,hf_2678,15,15,123,1350,12925,9.21,6.85,SAT,615,3379,10611,40.67,10.53,SAT,1,True
hf,hf_2679,14,14,130,1176,11226,7.73,5.70,SAT,650,4050,14486,47.84,12.19,SAT,1,True
hf,hf_2680,14,14,131,1176,11218,8.08,6.25,SAT,655,4151,15143,51.31,99.64,SAT,1,True
hf,hf_2681,14,14,134,1176,11203,7.28,6.30,SAT,670,4356,16350,53.74,158.14,SAT,1,True
hf,hf_2682,15,14,132,1260,12066,8.26,6.41,SAT,660,4084,14457,50.31,16.33,SAT,1,True
hf,hf_2683,20,12,161,1440,13789,9.55,7.23,SAT,805,5222,19198,62.94,18.79,SAT,1,True
hf,hf_2684,15,15,131,1350,13005,8.93,6.86,SAT,655,4095,14671,50.25,13.34,SAT,1,True
hf,hf_2685,15,15,129,1350,13009,8.98,6.45,SAT,645,3769,12667,47.05,23.21,SAT,1,True
hf,hf_2686,15,15,137,1350,13039,9.07,6.75,SAT,685,4137,14409,52.41,71.08,SAT,1,True
hf,hf_2687,10,17,106,1020,9651,6.76,4.91,SAT,530,3022,9968,36.85,11.15,SAT,1,True
hf,hf_2688,12,17,129,1224,11674,8.04,6.12,SAT,645,3943,13610,47.98,24.32,SAT,1,True
hf,hf_2689,12,16,127,1152,10969,7.47,6.33,SAT,635,3904,13963,47.86,86.10,SAT,1,True
hf,hf_2690,14,14,139,1176,11155,7.40,6.15,SAT,695,4546,17279,56.47,19.10,SAT,1,True
hf,hf_2691,14,18,147,1512,14473,10.66,7.48,SAT,735,4367,14600,53.48,15.39,SAT,1,True
hf,hf_2692,14,15,143,1260,12040,8.62,6.89,SAT,715,4631,17325,57.61,100.98,SAT,1,True
hf,hf_2693,16,14,156,1344,12864,8.62,6.83,SAT,780,5214,20028,63.44,181.77,SAT,1,True
hf,hf_2694,15,15,141,1350,12986,9.27,7.16,SAT,705,4525,16785,56.95,20.99,SAT,1,True
hf,hf_2695,15,15,152,1350,12967,8.94,7.62,SAT,760,5035,19020,63.80,93.45,SAT,1,True
hf,hf_2696,15,15,152,1350,12911,9.08,7.23,SAT,760,5055,19136,63.85,20.91,SAT,1,True
hf,hf_2697,12,17,134,1224,11679,8.38,6.71,SAT,670,4189,14986,51.73,51.38,SAT,1,True
hf,hf_2698,19,15,175,1710,16547,12.16,8.37,SAT,875,5470,19286,68.58,17.66,SAT,1,True
hf,hf_2699,15,15,147,1350,12974,9.28,7.91,SAT,735,4711,17307,59.23,140.34,SAT,1,True
hf,hf_2700,15,15,155,1350,12941,9.34,8.49,SAT,775,5209,20002,63.45,200.21,SAT,1,True
hf,hf_2701,15,15,153,1350,12929,8.99,7.13,SAT,765,5207,20209,62.63,115.27,SAT,1,True
hf,hf_2702,17,17,165,1734,16802,11.11,8.82,SAT,825,5307,20013,66.13,117.86,SAT,1,True
hf,hf_2703,15,15,153,1350,12933,9.74,7.37,SAT,765,5097,19377,61.55,171.73,SAT,1,True
hf,hf_2704,6,6,14,216,1859,1.22,1.28,SAT,70,291,809,3.60,2.55,SAT,1,True
hf,hf_2705,6,6,14,216,1859,1.10,1.34,SAT,70,287,768,3.44,1.71,SAT,1,True
hf,hf_2706,17,17,169,1734,16834,11.79,8.77,SAT,845,5217,18665,64.56,23.00,SAT,1,True
hf,hf_2707,12,18,144,1296,12413,8.45,6.52,SAT,720,4634,17002,55.57,93.31,SAT,1,True
hf,hf_2708,16,16,176,1536,14766,9.65,8.43,SAT,880,6271,25234,77.73,79.86,SAT,1,True
hf,hf_2709,6,7,18,252,2195,1.80,1.39,SAT,90,387,1096,4.41,3.07,SAT,1,True
hf,hf_2710,7,7,20,294,2603,1.79,1.63,SAT,100,427,1186,4.88,1.39,SAT,1,True
hf,hf_2711,15,15,155,1350,12929,9.01,7.07,SAT,775,5055,18889,63.12,84.18,SAT,1,True
hf,hf_2712,7,7,21,294,2600,1.71,1.58,SAT,105,451,1181,5.03,1.55,SAT,1,True
hf,hf_2713,7,7,23,294,2596,1.77,1.68,SAT,115,521,1553,6.06,1.80,SAT,1,True
hf,hf_2714,8,8,32,384,3455,2.28,2.07,SAT,160,758,2277,8.70,9.67,SAT,1,True
hf,hf_2715,8,8,32,384,3463,2.24,1.96,SAT,160,763,2295,9.10,5.48,SAT,1,True
hf,hf_2716,8,8,32,384,3464,2.16,1.97,SAT,160,778,2397,9.24,2.54,SAT,1,True
hf,hf_2717,8,8,29,384,3458,2.31,2.12,SAT,145,672,1968,8.06,3.79,SAT,1,True
hf,hf_2718,8,8,32,384,3447,2.13,1.91,SAT,160,751,2224,8.57,6.67,SAT,1,True
hf,hf_2719,8,8,32,384,3463,2.41,1.97,SAT,160,741,2154,8.83,5.02,SAT,1,True
hf,hf_2720,8,8,32,384,3469,2.23,1.95,SAT,160,760,2272,9.81,6.18,SAT,1,True
hf,hf_2721,8,8,32,384,3467,2.34,2.27,SAT,160,772,2352,9.13,2.49,SAT,1,True
hf,hf_2722,17,7,68,714,6593,4.47,3.63,SAT,340,1679,5144,20.15,21.54,SAT,1,True
hf,hf_2723,17,17,201,1734,16722,10.91,8.72,SAT,1005,7077,28161,94.11,99.34,SAT,1,True
hf,hf_2724,8,8,29,384,3491,2.34,1.97,SAT,145,662,1852,7.65,2.05,SAT,1,True
hf,hf_2725,13,18,159,1404,13461,9.37,7.47,SAT,795,5181,19305,62.79,189.28,SAT,1,True
hf,hf_2726,8,8,32,384,3470,2.23,1.98,SAT,160,778,2401,8.84,2.67,SAT,1,True
hf,hf_2727,20,20,129,2400,23368,16.76,11.30,SAT,645,3777,12463,46.41,12.81,SAT,1,True
hf,hf_2728,8,8,32,384,3466,2.15,2.14,SAT,160,768,2353,9.21,3.00,SAT,1,True
hf,hf_2729,12,20,164,1440,13781,9.42,7.44,SAT,820,5350,19760,67.38,19.16,SAT,1,True
hf,hf_2730,8,8,32,384,3470,2.30,2.01,SAT,160,744,2168,8.85,4.96,SAT,1,True
hf,hf_2731,8,8,32,384,3471,2.25,2.05,SAT,160,736,2122,8.35,2.63,SAT,1,True
hf,hf_2732,12,20,152,1440,13906,9.25,7.15,SAT,760,4706,16404,55.96,16.46,SAT,1,True
hf,hf_2733,9,9,36,486,4458,2.92,2.31,SAT,180,886,2696,9.86,5.90,SAT,1,True
hf,hf_2734,9,8,38,432,3926,2.46,2.08,SAT,190,882,2646,9.99,2.88,SAT,1,True
hf,hf_2735,9,9,44,486,4445,2.85,2.69,SAT,220,1128,3597,12.78,13.18,SAT,1,True
hf,hf_2736,9,9,45,486,4432,2.86,2.33,SAT,225,1151,3673,13.01,9.74,SAT,1,True
hf,hf_2737,16,16,176,1536,14781,10.35,7.90,SAT,880,6038,23490,73.89,196.98,SAT,1,True
hf,hf_2738,9,9,36,486,4446,2.98,2.36,SAT,180,873,2672,10.61,6.45,SAT,1,True
hf,hf_2739,9,9,44,486,4445,2.95,2.51,SAT,220,1120,3544,12.76,14.92,SAT,1,True
hf,hf_2740,12,20,147,1440,13787,8.95,6.84,SAT,735,4429,14936,51.11,14.28,SAT,1,True
hf,hf_2741,11,23,125,1518,14597,10.14,6.85,SAT,625,3189,9262,36.09,8.45,SAT,1,True
hf,hf_2742,9,9,45,486,4445,2.89,2.45,SAT,225,1135,3571,13.30,13.89,SAT,1,True
hf,hf_2743,9,9,41,486,4451,2.86,2.33,SAT,205,990,2936,11.80,3.29,SAT,1,True
hf,hf_2744,9,9,41,486,4460,2.86,2.40,SAT,205,1051,3245,11.73,3.60,SAT,1,True
hf,hf_2745,9,9,43,486,4440,2.77,2.29,SAT,215,1034,3015,11.40,5.59,SAT,1,True
hf,hf_2746,16,16,176,1536,14788,9.55,7.53,SAT,880,6005,23227,72.94,74.64,SAT,1,True
hf,hf_2747,9,9,42,486,4454,3.03,2.39,SAT,210,1058,3262,12.12,3.47,SAT,1,True
hf,hf_2748,16,16,174,1536,14802,10.27,8.18,SAT,870,5890,22676,73.69,261.78,SAT,1,True
hf,hf_2749,9,9,44,486,4441,3.07,2.71,SAT,220,1132,3620,13.48,3.85,SAT,1,True
hf,hf_2750,12,20,158,1440,13803,10.05,7.30,SAT,790,4993,17912,59.93,68.59,SAT,1,True
hf,hf_2751,9,9,41,486,4439,2.94,2.37,SAT,205,1028,3099,11.95,11.19,SAT,1,True
hf,hf_2752,9,9,45,486,4433,2.98,2.47,SAT,225,1165,3765,13.77,3.34,SAT,1,True
hf,hf_2753,9,9,43,486,4441,2.92,2.51,SAT,215,1070,3257,13.70,9.52,SAT,1,True
hf,hf_2754,9,9,43,486,4447,3.07,2.37,SAT,215,1068,3256,12.38,3.15,SAT,1,True
hf,hf_2755,9,9,44,486,4447,2.83,2.35,SAT,220,1074,3295,12.00,13.92,SAT,1,True
hf,hf_2756,9,9,41,486,4467,2.98,2.34,SAT,205,988,2981,11.56,5.03,SAT,1,True
hf,hf_2757,9,9,46,486,4435,2.80,2.44,SAT,230,1179,3786,13.78,11.85,SAT,1,True
hf,hf_2758,9,9,42,486,4460,2.91,2.46,SAT,210,1039,3212,11.60,9.83,SAT,1,True
hf,hf_2759,9,9,42,486,4443,2.79,2.59,SAT,210,1052,3191,12.00,11.40,SAT,1,True
hf,hf_2760,12,20,152,1440,13803,8.75,6.87,SAT,760,4652,16256,53.52,15.98,SAT,1,True
hf,hf_2761,9,9,45,486,4433,3.01,2.29,SAT,225,1107,3365,12.62,10.18,SAT,1,True
hf,hf_2762,15,17,174,1530,14732,10.34,8.08,SAT,870,5837,22314,70.42,180.30,SAT,1,True
hf,hf_2763,9,9,45,486,4445,2.88,2.45,SAT,225,1131,3539,13.17,7.08,SAT,1,True
hf,hf_2764,9,9,43,486,4445,3.01,2.77,SAT,215,1067,3237,13.71,10.49,SAT,1,True
hf,hf_2765,12,20,152,1440,13846,9.77,6.74,SAT,760,4709,16646,56.02,51.24,SAT,1,True
hf,hf_2766,12,20,156,1440,13808,9.10,6.87,SAT,780,4892,17356,56.25,32.12,SAT,1,True
hf,hf_2767,15,17,182,1530,14702,10.36,8.28,SAT,910,6310,24987,75.52,184.78,SAT,1,True
hf,hf_2768,10,10,58,600,5546,3.50,2.98,SAT,290,1564,5121,18.36,16.43,SAT,1,True
hf,hf_2769,12,20,152,1440,13846,9.17,6.95,SAT,760,4681,16378,68.18,20.56,SAT,1,True
hf,hf_2770,12,20,152,1440,13852,10.48,8.10,SAT,760,4746,16936,66.63,23.47,SAT,1,True
hf,hf_2771,15,17,179,1530,14695,9.44,8.50,SAT,895,6129,24191,75.12,182.42,SAT,1,True
hf,hf_2772,10,10,52,600,5548,3.71,2.95,SAT,260,1324,4020,15.12,14.16,SAT,1,True
hf,hf_2773,12,20,152,1440,13838,9.18,6.95,SAT,760,4680,16492,55.58,18.12,SAT,1,True
hf,hf_2774,10,10,54,600,5546,3.77,2.86,SAT,270,1408,4394,16.61,23.47,SAT,1,True
hf,hf_2775,12,20,156,1440,13809,9.16,6.98,SAT,780,4892,17266,58.03,16.05,SAT,1,True
hf,hf_2776,10,10,55,600,5553,4.02,2.91,SAT,275,1464,4663,16.92,4.91,SAT,1,True
hf,hf_2777,10,10,52,600,5572,3.80,2.89,SAT,260,1340,4224,15.46,4.05,SAT,1,True
hf,hf_2778,12,20,160,1440,13783,9.68,6.68,SAT,800,5065,18160,59.91,17.53,SAT,1,True
hf,hf_2779,10,10,54,600,5562,3.53,2.87,SAT,270,1388,4285,15.69,9.43,SAT,1,True
hf,hf_2780,10,10,54,600,5562,3.60,2.83,SAT,270,1368,4067,15.41,4.21,SAT,1,True
hf,hf_2781,12,20,160,1440,13793,9.08,6.89,SAT,800,5095,18288,59.01,77.89,SAT,1,True
hf,hf_2782,10,10,58,600,5556,3.54,3.06,SAT,290,1539,4947,18.10,24.35,SAT,1,True
hf,hf_2783,10,10,58,600,5553,3.81,3.07,SAT,290,1551,5026,18.15,5.93,SAT,1,True
hf,hf_2784,10,10,56,600,5564,3.63,2.88,SAT,280,1505,4854,17.85,6.15,SAT,1,True
hf,hf_2785,12,20,156,1440,13828,9.36,6.88,SAT,780,4927,17630,58.07,31.53,SAT,1,True
hf,hf_2786,12,20,152,1440,13853,8.92,6.94,SAT,760,4720,16772,56.54,22.23,SAT,1,True
hf,hf_2787,10,10,57,600,5565,3.57,3.03,SAT,285,1514,4862,17.69,18.10,SAT,1,True
hf,hf_2788,10,10,56,600,5554,4.05,3.05,SAT,280,1453,4586,16.87,4.51,SAT,1,True
hf,hf_2789,12,20,160,1440,13811,9.05,7.11,SAT,800,5068,18184,59.61,33.57,SAT,1,True
hf,hf_2790,10,10,54,600,5583,3.75,3.00,SAT,270,1391,4246,15.88,6.24,SAT,1,True
hf,hf_2791,10,10,54,600,5549,3.56,2.93,SAT,270,1401,4320,16.18,4.93,SAT,1,True
hf,hf_2792,10,10,58,600,5551,3.50,2.85,SAT,290,1511,4768,17.28,8.31,SAT,1,True
hf,hf_2793,10,10,56,600,5560,3.45,2.87,SAT,280,1426,4456,16.13,11.49,SAT,1,True
hf,hf_2794,10,10,56,600,5553,3.44,2.76,SAT,280,1488,4764,17.23,5.48,SAT,1,True
hf,hf_2795,12,20,163,1440,13803,9.36,7.31,SAT,815,5234,19066,61.68,41.76,SAT,1,True
hf,hf_2796,12,20,156,1440,13803,9.51,6.76,SAT,780,4815,16840,57.12,62.23,SAT,1,True
hf,hf_2797,12,20,162,1440,13782,9.92,7.20,SAT,810,5187,18830,61.23,78.70,SAT,1,True
hf,hf_2798,10,10,53,600,5563,3.95,3.01,SAT,265,1354,4258,15.89,6.82,SAT,1,True
hf,hf_2799,10,10,56,600,5546,3.63,2.98,SAT,280,1454,4538,16.98,5.34,SAT,1,True
hf,hf_2800,12,20,154,1440,13847,9.46,7.12,SAT,770,4823,17296,58.61,16.84,SAT,1,True
hf,hf_2801,10,10,54,600,5547,3.76,2.87,SAT,270,1357,4094,15.37,4.61,SAT,1,True
hf,hf_2802,10,10,58,600,5550,4.24,3.69,SAT,290,1547,4994,17.66,6.20,SAT,1,True
hf,hf_2803,10,10,58,600,5557,3.56,2.96,SAT,290,1602,5372,19.14,5.50,SAT,1,True
hf,hf_2804,10,10,58,600,5558,3.56,2.97,SAT,290,1552,5039,17.96,22.94,SAT,1,True
hf,hf_2805,11,11,48,726,6765,4.38,3.41,SAT,240,1242,4046,14.66,12.23,SAT,1,True
hf,hf_2806,17,17,187,1734,16788,11.59,7.88,SAT,935,6347,24368,76.61,21.46,SAT,1,True
hf,hf_2807,19,19,198,2166,21167,14.34,10.47,SAT,990,6285,23056,76.43,34.49,SAT,1,True
hf,hf_2808,11,11,49,726,6776,4.15,3.69,SAT,245,1302,4355,15.62,4.52,SAT,1,True
hf,hf_2809,11,11,49,726,6768,4.40,3.36,SAT,245,1300,4351,15.36,9.48,SAT,1,True
hf,hf_2810,11,11,49,726,6772,4.37,3.20,SAT,245,1301,4353,15.39,7.71,SAT,1,True
hf,hf_2811,12,20,162,1440,13800,9.65,7.33,SAT,810,5191,18833,62.28,17.88,SAT,1,True
hf,hf_2812,12,20,161,1440,13816,9.39,6.81,SAT,805,5175,18819,59.79,20.26,SAT,1,True
hf,hf_2813,10,11,54,660,6135,3.96,3.00,SAT,270,1305,3851,15.79,3.84,SAT,1,True
hf,hf_2814,10,10,59,600,5556,3.61,2.91,SAT,295,1560,5014,17.72,18.42,SAT,1,True
hf,hf_2815,10,10,58,600,5545,3.62,2.84,SAT,290,1514,4786,17.24,5.07,SAT,1,True
hf,hf_2816,10,10,60,600,5545,3.51,2.89,SAT,300,1616,5323,18.64,29.04,SAT,1,True
hf,hf_2817,10,10,60,600,5532,3.43,2.96,SAT,300,1614,5313,19.18,20.60,SAT,1,True
hf,hf_2818,11,11,57,726,6785,4.67,3.67,SAT,285,1580,5265,20.19,6.20,SAT,1,True
hf,hf_2819,11,11,57,726,6808,5.01,3.74,SAT,285,1451,4381,17.46,4.24,SAT,1,True
hf,hf_2820,11,11,63,726,6766,4.67,3.71,SAT,315,1561,4565,20.25,5.28,SAT,1,True
hf,hf_2821,12,20,162,1440,13822,10.05,7.54,SAT,810,5160,18612,66.57,20.84,SAT,1,True
hf,hf_2822,12,20,164,1440,13788,9.32,7.57,SAT,820,5302,19457,68.66,25.53,SAT,1,True
hf,hf_2823,12,20,163,1440,13809,9.58,7.29,SAT,815,5217,19015,62.57,67.05,SAT,1,True
hf,hf_2824,11,11,71,726,6802,4.29,3.35,SAT,355,1995,6619,22.95,5.95,SAT,1,True
hf,hf_2825,11,11,74,726,6775,4.28,3.49,SAT,370,2134,7408,25.21,7.24,SAT,1,True
hf,hf_2826,11,11,72,726,6795,4.47,3.43,SAT,360,2048,6870,23.57,45.09,SAT,1,True
hf,hf_2827,12,11,78,792,7434,4.85,3.98,SAT,390,2108,6798,24.63,6.28,SAT,1,True
hf,hf_2828,11,11,73,726,6789,4.22,3.64,SAT,365,2081,7048,23.77,7.81,SAT,1,True
hf,hf_2829,11,11,76,726,6772,4.21,3.43,SAT,380,2143,7238,24.57,46.22,SAT,1,True
hf,hf_2830,17,17,196,1734,16793,11.62,8.28,SAT,980,7013,28174,85.53,51.57,SAT,1,True
hf,hf_2831,12,11,83,792,7405,4.65,3.80,SAT,415,2369,8017,27.98,19.24,SAT,1,True
hf,hf_2832,11,11,73,726,6771,4.86,3.55,SAT,365,2035,6724,22.99,24.74,SAT,1,True
hf,hf_2833,17,17,201,1734,16792,12.08,8.33,SAT,1005,7117,28385,85.56,63.18,SAT,1,True
hf,hf_2834,11,11,74,726,6771,4.35,3.40,SAT,370,2065,6857,23.43,7.92,SAT,1,True
hf,hf_2835,13,11,82,858,8040,5.09,4.02,SAT,410,2171,6744,25.46,7.67,SAT,1,True
hf,hf_2836,11,11,75,726,6777,4.28,3.55,SAT,375,2133,7278,24.54,15.99,SAT,1,True
hf,hf_2837,11,11,73,726,6777,4.44,3.40,SAT,365,2059,6904,24.11,6.90,SAT,1,True
hf,hf_2838,11,11,76,726,6765,4.27,3.46,SAT,380,2122,7109,24.63,24.54,SAT,1,True
hf,hf_2839,15,18,192,1620,15611,13.69,9.08,SAT,960,6676,26384,83.20,175.03,SAT,1,True
hf,hf_2840,11,11,76,726,6768,4.27,3.48,SAT,380,2145,7270,24.85,7.14,SAT,1,True
hf,hf_2841,17,17,198,1734,16771,11.57,8.99,SAT,990,6945,27912,84.16,172.56,SAT,1,True
hf,hf_2842,18,18,244,1944,18772,12.69,9.66,SAT,1220,9192,39544,118.47,36.52,SAT,1,True
hf,hf_2843,17,17,201,1734,16737,11.68,8.57,SAT,1005,7123,28781,85.30,187.14,SAT,1,True
hf,hf_2844,17,17,205,1734,16718,11.90,8.86,SAT,1025,7430,30387,90.91,180.62,SAT,1,True
hf,hf_2845,19,19,221,2166,21197,15.10,10.37,SAT,1105,7548,29153,92.21,32.68,SAT,1,True
hf,hf_2846,17,17,208,1734,16722,11.61,9.16,SAT,1040,7525,30976,90.16,264.30,SAT,1,True
hf,hf_2847,17,17,204,1734,16740,11.11,9.05,SAT,1020,7213,28954,87.98,471.88,SAT,1,True
hf,hf_2848,17,18,205,1836,17777,11.99,9.40,SAT,1025,7220,28942,89.56,277.94,SAT,1,True
hf,hf_2849,17,17,206,1734,16751,11.22,10.52,SAT,1030,7424,30290,98.81,341.01,SAT,1,True
hf,hf_2850,17,17,207,1734,16742,10.88,9.57,SAT,1035,7449,30491,96.18,349.32,SAT,1,True
hf,hf_2851,17,17,209,1734,16711,11.58,10.12,SAT,1045,7557,31092,94.62,298.43,SAT,1,True
hf,hf_2852,23,11,158,1518,14498,9.68,7.53,SAT,790,4662,15585,56.47,15.31,SAT,1,True
hf,hf_2853,18,18,237,1944,18780,12.28,10.18,SAT,1185,8863,38130,116.50,141.02,SAT,1,True
hf,hf_2854,14,20,196,1680,16204,11.05,8.56,SAT,980,6816,26770,85.55,74.17,SAT,1,True
hf,hf_2855,19,19,223,2166,21110,14.93,11.46,SAT,1115,7802,30567,98.18,82.91,SAT,1,True
hf,hf_2856,18,18,227,1944,18859,14.23,9.92,SAT,1135,8205,33565,104.96,165.16,SAT,1,True
hf,hf_2857,32,9,194,1728,16421,11.34,8.39,SAT,970,5785,20159,66.62,46.79,SAT,1,True
hf,hf_2858,12,30,211,2160,20888,13.69,9.88,SAT,1055,6198,20193,71.38,17.33,SAT,1,True
hf,hf_2859,17,22,236,2244,21804,14.85,10.96,SAT,1180,7926,29882,96.19,45.96,SAT,1,True
hf,hf_2860,11,35,226,2310,22269,15.62,11.08,SAT,1130,6376,20098,75.39,21.39,SAT,1,True
hf,hf_2861,19,19,245,2166,21205,14.75,10.83,SAT,1225,8945,37129,109.46,31.50,SAT,1,True
hf,hf_2862,13,27,225,2106,20399,14.48,9.99,SAT,1125,7173,25557,84.91,21.03,SAT,1,True
hf,hf_2863,19,19,252,2166,21062,14.72,10.98,SAT,1260,9354,39216,117.23,164.83,SAT,1,True
hf,hf_2864,19,19,241,2166,21080,14.50,10.54,SAT,1205,8671,35488,106.45,130.19,SAT,1,True
hf,hf_2865,19,19,249,2166,21176,14.22,10.86,SAT,1245,9141,38065,113.78,44.58,SAT,1,True
hf,hf_2866,19,19,253,2166,21128,14.92,11.03,SAT,1265,9465,40029,121.00,36.76,SAT,1,True
hf,hf_2867,19,19,251,2166,21019,14.83,10.52,SAT,1255,9358,39293,116.60,166.25,SAT,1,True
hf,hf_2868,19,19,246,2166,21092,14.54,10.60,SAT,1230,9293,39750,116.44,42.27,SAT,1,True
hf,hf_2869,20,20,271,2400,23549,17.19,11.99,SAT,1355,9966,41801,124.79,140.87,SAT,1,True
hf,hf_2870,19,19,259,2166,21092,14.32,10.84,SAT,1295,9907,42875,122.99,62.42,SAT,1,True
hf,hf_2871,19,19,260,2166,21044,17.06,11.07,SAT,1300,9865,42474,127.12,207.30,SAT,1,True
hf,hf_2872,21,21,300,2646,25805,18.50,14.00,SAT,1500,11779,51526,152.02,85.12,SAT,1,True
hf,hf_2873,16,26,300,2496,24335,16.74,12.42,SAT,1500,11366,47934,141.35,65.11,SAT,1,True
hf,hf_2874,22,22,296,2904,28830,19.72,13.86,SAT,1480,11186,47815,140.89,35.93,SAT,1,True
hf,hf_2875,22,22,317,2904,28437,19.94,14.73,SAT,1585,12140,52650,154.62,201.81,SAT,1,True
hf,hf_2876,16,26,288,2496,24379,16.69,11.76,SAT,1440,10582,43738,131.80,44.09,SAT,1,True
hf,hf_2877,18,23,301,2484,24228,16.91,12.57,SAT,1505,11891,53094,153.98,57.57,SAT,1,True
hf,hf_2878,19,21,300,2394,23308,16.16,14.18,SAT,1500,11859,53258,155.76,841.67,SAT,1,True
hf,hf_2879,22,24,328,3168,31124,21.17,15.10,SAT,1640,12014,49934,149.48,40.43,SAT,1,True
hf,hf_2880,16,26,304,2496,24346,17.44,13.19,SAT,1520,11539,48908,146.98,243.08,SAT,1,True
hf,hf_2881,16,26,306,2496,24315,17.92,13.12,SAT,1530,11702,50047,154.84,118.25,SAT,1,True
hf,hf_2882,21,21,327,2646,25829,18.37,17.30,SAT,1635,13223,60635,175.76,26016.53,SAT,1,True
hf,hf_2883,22,22,360,2904,28376,22.55,15.42,SAT,1800,14934,71188,197.24,634.18,SAT,1,True
hf,hf_2884,22,22,359,2904,28437,19.61,15.27,SAT,1795,14882,70743,200.02,697.59,SAT,1,True
hf,hf_2885,23,23,380,3174,31286,23.12,16.56,SAT,1900,15893,76280,216.34,352.51,SAT,1,True
hf,hf_2886,22,22,370,2904,28430,19.05,16.80,SAT,1850,15804,77174,216.23,869.49,SAT,1,True
hf,hf_2887,9,102,478,5508,52972,36.51,24.86,SAT,2390,11972,34626,138.16,39.59,SAT,1,True
hf,hf_2888,22,32,538,4224,41639,33.33,22.14,SAT,2690,24741,130404,342.73,571.59,SAT,1,True
hf,hf_2889,32,32,842,6144,60947,115.37,44.81,SAT,4210,46600,311482,705.05,12108.51,SAT,1,True
hf,hf_2890,42,42,1167,10584,105698,80.01,59.36,SAT,5835,64362,431818,1120.91,1178.21,SAT,1,True
hf,hf_2891,12,102,924,7344,71747,65.91,50.02,SAT,4620,32670,126305,418.37,5834.79,SAT,1,True
hf,hf_2892,42,42,1201,10584,105796,75.50,58.91,SAT,6005,69783,504291,1129.26,3957.36,SAT,1,True
hf,hf_2893,202,12,1732,14544,142577,102.05,77.41,SAT,8660,59488,223535,843.28,3171.94,SAT,1,True
hf,hf_2894,12,12,80,864,8177,5.26,4.79,SAT,400,2264,7556,27.11,7.36,SAT,1,True
hf,hf_2895,12,12,86,864,8167,5.34,4.55,SAT,430,2516,8536,30.48,36.40,SAT,1,True
hf,hf_2896,13,13,110,1014,9612,6.50,5.46,SAT,550,3283,11382,39.97,66.50,SAT,1,True
hf,hf_2897,19,48,549,5472,54059,37.28,33.59,SAT,2745,21230,91359,285.49,1782.65,SAT,1,True
